tRNA_annotation,tRNA_annotation_len,codon,amino_acid,mito_codon,hl,hl_ci_l,hl_ci_u,N0,Ninf,hl_residual
Homo_sapiens_mito_tRNA-Ala-TGC,72,GCA,Ala,True,379.600556711315,364.223402759243,401.18535705011095,95.16400313555332,1.0492262967870944,2.632131310412321
Homo_sapiens_mito_tRNA-Arg-TCG,68,CGA,Arg,True,226.06506212662984,213.7812675028908,241.84837014122047,95.26878833192488,0.9629142829584753,1.1128443257777278
Homo_sapiens_mito_tRNA-Asn-GTT,76,AAC,Asn,True,94.81218479596028,90.34176836859358,100.4227528463943,89.63746821220276,1.3986934662072301,1.9423868668862436
Homo_sapiens_mito_tRNA-Asp-GTC,71,GAC,Asp,True,908.698595068039,855.3335956409504,929.0612085074433,96.52784086861863,0.0,0.39379268603725104
Homo_sapiens_mito_tRNA-Cys-GCA,69,UGC,Cys,True,170.79793599912492,158.12665561416847,192.02442781978166,90.16980284116887,2.7968015072432437,3.172402264627978
Homo_sapiens_mito_tRNA-Gln-TTG,75,CAA,Gln,True,349.49857964808416,341.2464252692173,361.34334444191194,92.13123743625766,1.2611160907147705,2.7783965219458002
Homo_sapiens_mito_tRNA-Glu-TTC,72,GAA,Glu,True,660.3961367773952,625.0066381195129,689.847452402256,92.97418342392533,0.0,2.4015569167587842
Homo_sapiens_mito_tRNA-Gly-TCC,71,GGA,Gly,True,600.3944557798436,567.3439501522286,640.4618202821906,92.2565197307781,1.156118866158714,1.5013326906579718
Homo_sapiens_mito_tRNA-His-GTG,72,CAC,His,True,418.7545024358792,395.01944224439364,439.9250827140725,85.44129448546387,0.6141582190359615,0.8808663215129244
Homo_sapiens_mito_tRNA-Ile-GAT,72,AUC,Ile,True,2961.171018428516,2854.2655006000073,3077.983433755886,94.1101384880511,3.5,0.18743038319044114
Homo_sapiens_mito_tRNA-Leu1-TAG,74,CUA,Leu,True,524.411361696601,494.31364355268306,563.7741859680964,88.00473983560369,1.5626433363098087,1.9319233165370902
Homo_sapiens_mito_tRNA-Leu2-TAA,78,UUA,Leu,True,562.1766059884379,535.8363979911906,593.4383668054255,96.21649079383225,1.1780754128874575,0.32170313755329566
Homo_sapiens_mito_tRNA-Lys-TTT,73,AAA,Lys,True,463.07950635209835,442.457671987273,482.63753327828283,92.40492491431964,0.7721734859500776,0.5119265176555052
Homo_sapiens_mito_tRNA-Phe-GAA,74,UUC,Phe,True,426.63360454663757,408.0226848900673,452.80564071438016,86.47106615025649,2.593358040821738,1.2523627308075085
Homo_sapiens_mito_tRNA-Pro-TGG,71,CCA,Pro,True,182.18219303004432,169.81951390437735,197.24578861069554,80.08253990696849,0.8424600683535945,0.25377932841086903
Homo_sapiens_mito_tRNA-Ser2-TGA,72,UCA,Ser,True,563.5113959426783,532.3024155081891,607.4335219577827,86.87312244788963,3.5,3.587741880909216
Homo_sapiens_mito_tRNA-Thr-TGT,69,ACA,Thr,True,997.7585399898556,953.265254245853,1127.0862260918727,77.27044895231288,3.5,7.382153257105855
Homo_sapiens_mito_tRNA-Trp-TCA,71,UGA,Trp,True,650.8011758013532,627.3895048445893,686.7996439786207,93.4072134184091,3.397141577989853,0.5438685040896557
Homo_sapiens_mito_tRNA-Tyr-GTA,69,UAC,Tyr,True,550.7162558124688,504.4284999333266,621.713311712345,79.56197916390938,2.1562533243650877,5.705823712859622
Homo_sapiens_mito_tRNA-Val-TAC,72,GUA,Val,True,2368.310083313729,2327.265751864398,2589.9871926062015,80.56692651842596,3.5,0.7401985206264579
Homo_sapiens_tRNA-Ala-AGC-1-1,75,GCU,Ala,False,420.50464388832984,404.6490609069256,430.4899110922317,95.22505128853493,0.29991443870389334,2.558649402910415
Homo_sapiens_tRNA-Ala-AGC-11-1,76,GCU,Ala,False,359.7016827598231,342.6813920196124,372.75079932343687,94.05763359985934,1.0577388137544599,0.6423951666122798
Homo_sapiens_tRNA-Ala-AGC-2-1,75,GCU,Ala,False,395.8145410942165,377.8419026175133,417.8884831666929,94.60106146789242,0.7782770158197765,1.5327629480440503
Homo_sapiens_tRNA-Ala-AGC-3-1,75,GCU,Ala,False,398.9328247916399,375.9351556444583,421.5160571904004,93.83194459426645,0.8486963543890189,0.9396528675996825
Homo_sapiens_tRNA-Ala-AGC-4-1,75,GCU,Ala,False,401.60288288539823,384.14562005813195,416.9076218189882,92.87703007408378,0.9806034817831247,2.3036571928128806
Homo_sapiens_tRNA-Ala-AGC-5-1,75,GCU,Ala,False,418.110372794922,403.7199936039451,434.16189310980167,96.11207639030235,0.1676709712243931,2.216467142035323
Homo_sapiens_tRNA-Ala-AGC-6-1,75,GCU,Ala,False,396.35353372891154,376.09559904198267,415.8680827879381,93.77069993808065,0.3372797404947761,2.878722482794932
Homo_sapiens_tRNA-Ala-AGC-8-1,76,GCU,Ala,False,387.9550143957981,374.3744326158959,399.0583676912583,95.37766521294559,0.6464610459912118,1.2319628027469973
Homo_sapiens_tRNA-Ala-CGC-1-1,75,GCG,Ala,False,384.2306851578277,374.55146932864534,401.07597237898716,97.17593858318702,0.6523512515910614,0.8278095787052949
Homo_sapiens_tRNA-Ala-CGC-2-1,75,GCG,Ala,False,375.3827016911888,362.74915825767084,387.6977645518922,96.18189196712143,1.3030549858297589,0.7851671541490257
Homo_sapiens_tRNA-Ala-CGC-3-1,75,GCG,Ala,False,421.22766589462475,409.6150132875714,433.81485877754386,97.3754214924444,0.37613422559585574,1.2965879148845127
Homo_sapiens_tRNA-Ala-CGC-4-1,75,GCG,Ala,False,563.1609574151012,533.776873844306,606.0957517398386,95.9126317611726,2.300683500332489,1.083377369091607
Homo_sapiens_tRNA-Ala-TGC-1-1,75,GCA,Ala,False,407.9638079977077,392.77607162288933,420.41586259642577,97.1934892098802,0.287933292491567,1.1692003237700712
Homo_sapiens_tRNA-Ala-TGC-2-1,75,GCA,Ala,False,377.5172508550731,366.3829281460087,391.2499938430057,96.24353637880297,1.0526965127122438,1.163235713230891
Homo_sapiens_tRNA-Ala-TGC-3-1,75,GCA,Ala,False,393.0679348778556,377.67072920648064,411.91325010108267,96.4646991289301,0.7186859021101469,0.9380945860733936
Homo_sapiens_tRNA-Ala-TGC-4-1,75,GCA,Ala,False,377.5298903432204,368.4488323058705,391.66899005433345,95.03773903102089,1.6314280186277428,0.6738569041551862
Homo_sapiens_tRNA-Ala-TGC-5-1,75,GCA,Ala,False,400.3957728041846,387.846613450806,412.8947733484184,97.28636577440761,0.2881409369812586,1.9573071021216812
Homo_sapiens_tRNA-Ala-TGC-6-1,75,GCA,Ala,False,454.3921246573751,422.7170720339489,474.15798453469876,98.42522108109436,0.0,3.1286293415678346
Homo_sapiens_tRNA-Arg-ACG-1-1,76,CGU,Arg,False,221.5884819968371,208.99715791821308,235.15420194070052,94.95974165920994,0.20438114773932817,3.235399729400729
Homo_sapiens_tRNA-Arg-ACG-2-1,76,CGU,Arg,False,243.74921263999252,230.7140674426274,253.86398977041065,95.04784429526543,0.05873792387034453,5.72586005536846
Homo_sapiens_tRNA-Arg-CCG-1-1,76,CGG,Arg,False,212.14310620767273,205.3453986282731,220.96300429267515,95.71635493895731,0.4174802444799482,0.8099521099064967
Homo_sapiens_tRNA-Arg-CCG-2-1,76,CGG,Arg,False,229.0541842442424,221.12251922259424,236.20663700455964,96.2267475070911,0.2930039849206657,2.6129621071182427
Homo_sapiens_tRNA-Arg-CCT-1-1,76,AGG,Arg,False,216.37753051733222,208.8583426532012,226.27378465561785,96.55300501047856,0.09713996251673279,3.6373991010006193
Homo_sapiens_tRNA-Arg-CCT-2-1,76,AGG,Arg,False,209.69055372287505,202.5008640695114,218.34102106547547,96.15070588235528,0.23868609487615386,1.4138001088452086
Homo_sapiens_tRNA-Arg-CCT-3-1,76,AGG,Arg,False,235.40471117737755,225.94625671516386,242.48677562652998,96.28604032766304,0.03556891583008712,5.775644394132557
Homo_sapiens_tRNA-Arg-CCT-4-1,76,AGG,Arg,False,212.314019795892,206.15908109334646,219.33300796944775,94.44411309923652,0.6179853089994652,0.7350296286510305
Homo_sapiens_tRNA-Arg-TCG-1-1,76,CGA,Arg,False,223.97713449443455,201.98799481424766,243.55586828658664,96.707749994939,0.2532140889834287,1.5480886007097614
Homo_sapiens_tRNA-Arg-TCG-2-1,76,CGA,Arg,False,209.39376427183961,200.4243588062601,221.3643067832561,95.23395944059298,0.2579086260562377,2.426935913870744
Homo_sapiens_tRNA-Arg-TCG-3-1,76,CGA,Arg,False,216.18077909906074,206.19694686085737,228.9044281927497,95.95117904390467,0.17480604617407458,1.4348487992300243
Homo_sapiens_tRNA-Arg-TCG-4-1,76,CGA,Arg,False,216.14682974631424,210.2133063073858,221.55946026558254,94.79880508146633,0.37512695950690567,2.531040068255963
Homo_sapiens_tRNA-Arg-TCG-5-1,76,CGA,Arg,False,203.59473832859484,197.30543062427947,209.6401705749438,94.97034332034974,0.5764981010637864,0.3720097419586243
Homo_sapiens_tRNA-Arg-TCT-1-1,76,AGA,Arg,False,229.39818582524558,217.795060747449,242.4462508964027,96.64197404053009,0.24094862290834054,1.1262530234944077
Homo_sapiens_tRNA-Arg-TCT-2-1,76,AGA,Arg,False,230.05892703824108,222.56778577352196,240.46456319224038,95.85622416264204,0.21027065214041654,1.2802675129897632
Homo_sapiens_tRNA-Arg-TCT-3-1,76,AGA,Arg,False,227.55748865841326,219.14692259341902,237.89061083123113,95.298636614842,0.4061893316996481,1.1896752224663625
Homo_sapiens_tRNA-Arg-TCT-4-1,77,AGA,Arg,False,215.7804942366796,209.48178183921766,220.32416834651906,95.16645901803594,0.20809036901108816,1.510333241471192
Homo_sapiens_tRNA-Asn-GTT-1-1,77,AAC,Asn,False,88.00109632636155,83.72332179772498,92.11121004727579,96.51726193406478,0.2458373387937892,4.111182599763387
Homo_sapiens_tRNA-Asn-GTT-2-1,77,AAC,Asn,False,84.7362768660194,82.2147398119784,88.0174809652834,95.8842202188334,0.3686088626455245,0.38982956850591455
Homo_sapiens_tRNA-Asn-GTT-3-1,77,AAC,Asn,False,83.17624360011186,79.39118437895166,88.2908348647985,95.65720474791217,0.4861660684161348,0.5074892455083737
Homo_sapiens_tRNA-Asn-GTT-4-1,77,AAC,Asn,False,82.91080555315462,77.66894847418705,87.48128957245143,95.53592129805887,0.3136259359605262,3.346232757135599
Homo_sapiens_tRNA-Asn-GTT-5-1,77,AAC,Asn,False,83.61223662246245,79.77921371495982,88.92582329467893,95.56868180297813,0.4271197372025991,0.3256164754266626
Homo_sapiens_tRNA-Asn-GTT-6-1,77,AAC,Asn,False,82.86536884117918,79.41296397306938,87.42917310094911,95.37967738185266,0.3042364178791746,2.0889126378664162
Homo_sapiens_tRNA-Asp-GTC-1-1,75,GAC,Asp,False,884.4858282106323,825.2336736878748,907.907052209187,94.28009096810216,0.32762611645571577,1.2145826949223817
Homo_sapiens_tRNA-Asp-GTC-2-1,75,GAC,Asp,False,979.6867783917008,942.037777515888,1026.3048516034373,95.71719681333236,0.0,4.007693077778443
Homo_sapiens_tRNA-Cys-GCA-11-1,75,UGC,Cys,False,213.6219783716771,199.47071248539703,230.89529163388997,93.03975728388282,3.5,9.193029079331527
Homo_sapiens_tRNA-Cys-GCA-2-1,75,UGC,Cys,False,220.5663803313933,201.32481517895854,241.17277867735794,93.68849248153256,3.366437969783782,8.91455022676212
Homo_sapiens_tRNA-Cys-GCA-4-1,75,UGC,Cys,False,215.50404571652848,195.67916989336274,241.21590987104392,93.24788647033884,3.5,13.762004868633904
Homo_sapiens_tRNA-Cys-GCA-5-1,76,UGC,Cys,False,209.4127321817208,185.56800420269448,232.95194060533143,93.29410717740082,3.0193102485894783,6.47791165466759
Homo_sapiens_tRNA-Cys-GCA-6-1,75,UGC,Cys,False,212.70657941293638,195.5118889632613,234.5686813211597,92.66226334287892,3.405924395185241,12.487700751534678
Homo_sapiens_tRNA-Cys-GCA-8-1,75,UGC,Cys,False,222.2214230473889,196.57546876068935,246.38504146991164,94.18866994708262,3.15518693494955,12.089751241108955
Homo_sapiens_tRNA-Cys-GCA-9-1,75,UGC,Cys,False,222.80193855554887,207.25063500035952,244.144146811033,93.52884726669237,3.5,14.060200984731821
Homo_sapiens_tRNA-Gln-CTG-1-1,75,CAG,Gln,False,248.46805445929897,235.52789188952704,262.05521693420894,96.77223980866657,0.04878884383922637,10.38015307977149
Homo_sapiens_tRNA-Gln-CTG-2-1,75,CAG,Gln,False,254.92419076200835,239.5669096076384,266.2518251255804,96.6477207214633,0.059847260618553576,12.8594199267718
Homo_sapiens_tRNA-Gln-CTG-4-1,75,CAG,Gln,False,265.6016826045901,246.10816976930298,277.2804963661991,96.87266247896929,0.035088294854286724,13.180241499163024
Homo_sapiens_tRNA-Gln-TTG-1-1,75,CAA,Gln,False,288.7031370316107,261.59547288027113,308.92898902712733,99.16464366426777,0.0,30.169005176543912
Homo_sapiens_tRNA-Gln-TTG-2-1,75,CAA,Gln,False,302.24590713753366,277.67575964466664,322.6711342710779,99.19258903590152,0.0,29.211206479403806
Homo_sapiens_tRNA-Gln-TTG-3-1,75,CAA,Gln,False,239.9456321290862,227.52749986434878,252.69417450286775,98.26625087104665,0.0,13.294279494844467
Homo_sapiens_tRNA-Glu-CTC-1-1,75,GAG,Glu,False,661.5209336898499,618.4588994467308,692.9452404453743,89.95891508848013,1.6477906075120585,0.376378666628125
Homo_sapiens_tRNA-Glu-TTC-1-1,75,GAA,Glu,False,595.8756491559949,563.8890168557882,640.9176651159171,84.28844151864516,1.8055343462050508,0.6397255276204488
Homo_sapiens_tRNA-Glu-TTC-2-1,75,GAA,Glu,False,598.2461115167922,518.0992249343508,666.6161677338907,76.8573594648187,1.2981457718743559,1.1347299987253965
Homo_sapiens_tRNA-Glu-TTC-4-1,75,GAA,Glu,False,592.2222412695851,528.9037292463099,678.9747653177885,78.25902782997137,2.641852149305374,1.3634041634549083
Homo_sapiens_tRNA-Gly-CCC-1-1,74,GGG,Gly,False,707.5070335059238,670.9360890577651,718.7896729213937,98.55479225384462,0.0,0.48527290903624165
Homo_sapiens_tRNA-Gly-CCC-2-1,74,GGG,Gly,False,741.1314361121437,685.0456706928645,758.4050824621963,98.14588890836434,0.30318004246177715,0.972575303728693
Homo_sapiens_tRNA-Gly-GCC-1-1,74,GGC,Gly,False,662.3808743605911,612.2881261634572,719.8714015986071,93.58928712879015,2.3388998080995016,0.6927512112616819
Homo_sapiens_tRNA-Gly-GCC-2-1,74,GGC,Gly,False,702.6844638866575,632.737349728816,729.126971251346,94.82696022298909,0.41246693383094246,0.7673216299550527
Homo_sapiens_tRNA-Gly-TCC-1-1,75,GGA,Gly,False,729.8122974321818,679.0482876804845,758.8294802115038,97.33689346838312,0.0,0.30088482018515395
Homo_sapiens_tRNA-Gly-TCC-2-1,75,GGA,Gly,False,721.6332329641599,688.4455698149269,738.6541095392628,97.34431117230218,0.0,0.5188348624371878
Homo_sapiens_tRNA-Gly-TCC-3-1,75,GGA,Gly,False,732.0026696493665,704.3186477363627,748.3076576996809,97.42171105434313,0.0,0.5608676909952048
Homo_sapiens_tRNA-His-GTG-1-1,75,CAC,His,False,428.70841309424736,397.69699462016416,453.3877293548759,89.42522726776065,1.407708062838128,1.2419955562229883
Homo_sapiens_tRNA-Ile-AAT-2-1,77,AUU,Ile,False,2631.208530354604,2534.19124426386,2956.922570731462,92.75451463975472,3.5,0.1582252520517103
Homo_sapiens_tRNA-Ile-AAT-3-1,77,AUU,Ile,False,2608.8724024165804,2370.159517638862,3108.635831236627,87.41111697551358,3.5,2.997185401183084
Homo_sapiens_tRNA-Ile-AAT-4-1,77,AUU,Ile,False,2656.7789383672725,2537.7794862096325,2976.969388277702,93.01372531351153,3.5,0.14245005525780075
Homo_sapiens_tRNA-Ile-AAT-5-1,77,AUU,Ile,False,2869.3690476848,2597.44181893591,3002.8490781676023,95.99216725310202,0.6442705782617578,0.07195728310534599
Homo_sapiens_tRNA-Ile-AAT-6-1,77,AUU,Ile,False,2845.7638601683225,2684.406657430046,3040.1860809670093,91.59074858937002,3.5,0.18361499132163012
Homo_sapiens_tRNA-Ile-AAT-7-1,77,AUU,Ile,False,3013.397504905683,2814.2989273039943,3192.8350962583004,96.2435560979914,0.4963381171264148,0.7177558457550586
Homo_sapiens_tRNA-Ile-AAT-8-1,77,AUU,Ile,False,2870.5831284370884,2735.023098621116,2946.8393329964206,95.1113677711718,0.0,0.6373224626292111
Homo_sapiens_tRNA-Ile-TAT-1-1,77,AUA,Ile,False,2648.151597720051,2435.347370847885,2782.222015405737,93.95492451225284,3.5,2.1245304956629614
Homo_sapiens_tRNA-Ile-TAT-2-1,77,AUA,Ile,False,2633.4284957503264,2417.360254301651,2869.7781043125974,93.72881946449984,3.5,1.1344229915026809
Homo_sapiens_tRNA-Leu-AAG-1-1,85,CUU,Leu,False,596.4417208637171,554.1739550300962,629.5623600285708,93.22960294248509,1.3059096280673552,1.7368718833602936
Homo_sapiens_tRNA-Leu-AAG-2-1,85,CUU,Leu,False,528.1260529800129,503.44732983189164,562.6087264569296,90.93607212375308,2.430956769304284,1.3906824804466993
Homo_sapiens_tRNA-Leu-CAA-1-1,86,UUG,Leu,False,493.63489293139315,469.575351428167,533.6185144412524,90.4953920394526,2.3605983102405363,0.897215552882685
Homo_sapiens_tRNA-Leu-CAA-2-1,87,UUG,Leu,False,504.2269290748658,480.6525411305448,541.5777119390592,93.36097956986734,2.3176879063843017,1.4414561022451056
Homo_sapiens_tRNA-Leu-CAA-3-1,87,UUG,Leu,False,473.240645824113,447.5657653584661,505.78910302810687,92.39371455499064,2.6186408598103577,0.9149022421203092
Homo_sapiens_tRNA-Leu-CAA-4-1,87,UUG,Leu,False,536.3134428585172,515.9706274021864,566.2877654078935,94.59075975175197,1.5740414544055101,0.719543127364051
Homo_sapiens_tRNA-Leu-CAG-1-1,86,CUG,Leu,False,602.1078936995801,569.3615472967545,622.7305181612379,95.05795206513757,0.5338200901136277,1.1155340998932288
Homo_sapiens_tRNA-Leu-CAG-2-1,86,CUG,Leu,False,601.5449774869086,558.2874892093545,620.8007795555218,94.07648315386338,0.892693500956904,1.1467755212937463
Homo_sapiens_tRNA-Leu-TAA-1-1,86,UUA,Leu,False,461.7309666257405,427.9463748245756,516.6159111291461,91.76888231420808,2.601078434715292,2.7314741018487743
Homo_sapiens_tRNA-Leu-TAA-3-1,86,UUA,Leu,False,531.3686902199814,498.15322564675245,561.7915236469651,92.46657128310434,1.6966535643751535,1.6522158831709888
Homo_sapiens_tRNA-Leu-TAG-1-1,85,CUA,Leu,False,611.9578496085558,587.6862664096861,629.5333480262063,97.26269629436183,0.0,0.5393906302577132
Homo_sapiens_tRNA-Leu-TAG-2-1,85,CUA,Leu,False,526.8760083977227,499.2687914571055,557.7547332557556,93.82290260255344,2.436147779493725,0.7357297560612507
Homo_sapiens_tRNA-Leu-TAG-3-1,85,CUA,Leu,False,528.8347383388734,506.27460718751104,549.5709027226293,95.0858065331927,1.445691670774334,1.435966376673045
Homo_sapiens_tRNA-Lys-CTT-1-1,76,AAG,Lys,False,482.19379916923367,467.3809281924148,494.6742532357533,97.36163766813482,0.0,2.103570566139593
Homo_sapiens_tRNA-Lys-CTT-2-1,76,AAG,Lys,False,469.37172115781806,441.51032668720876,485.9145416491033,97.47210822237123,0.0,1.8819645245399534
Homo_sapiens_tRNA-Lys-CTT-4-1,76,AAG,Lys,False,500.40044826004674,472.68152755183286,523.4796477226149,96.69750925981553,0.8725133703036364,1.3001101547974547
Homo_sapiens_tRNA-Lys-TTT-2-1,76,AAA,Lys,False,439.94144939238174,416.76433253291276,464.9674241389235,95.79735337049894,0.11424400141378065,2.3691615450352113
Homo_sapiens_tRNA-Lys-TTT-3-1,76,AAA,Lys,False,463.63439638362036,450.2729708923822,478.2563786652921,96.00561050492095,0.0,2.2338963066784747
Homo_sapiens_tRNA-Lys-TTT-4-1,76,AAA,Lys,False,437.48913383707173,391.7391120039678,471.51755005398564,95.01385537755489,0.35879307508233527,4.1855079266609225
Homo_sapiens_tRNA-Lys-TTT-6-1,76,AAA,Lys,False,447.1139440094851,433.1993760078822,460.88285008904575,96.391696859824,0.2024907607056874,3.185610882023966
Homo_sapiens_tRNA-Met-CAT-1-1,76,AUG,Met,False,457.5459896717282,444.1089190706113,468.6720461800205,96.53867676546838,0.0,1.849769783337666
Homo_sapiens_tRNA-Met-CAT-3-1,76,AUG,Met,False,464.20784766819287,450.155167167961,474.84211922354245,96.95562411814475,0.0,1.5073842350780884
Homo_sapiens_tRNA-Met-CAT-4-1,76,AUG,Met,False,477.5824984005739,460.98863500570576,493.03560859475,97.25040207183245,0.0,3.0581296101984154
Homo_sapiens_tRNA-Met-CAT-6-1,76,AUG,Met,False,466.37249814689613,451.61523126656715,476.6116602825987,96.40715147622778,0.0,2.301493773472328
Homo_sapiens_tRNA-Phe-GAA-1-1,76,UUC,Phe,False,456.3603783818011,437.07115236604966,473.4544755204853,93.97827888492347,0.6494803659858379,0.5571876260210583
Homo_sapiens_tRNA-Phe-GAA-2-1,76,UUC,Phe,False,469.2026948241359,452.8268905123624,491.802431303821,94.25158474737528,0.0,2.6119405718977236
Homo_sapiens_tRNA-Phe-GAA-3-1,76,UUC,Phe,False,477.8251582967465,441.6955283725064,499.85424232543,95.93870957407275,0.021813342030100758,2.0968453170487797
Homo_sapiens_tRNA-Pro-AGG-1-1,75,CCU,Pro,False,129.4321981825204,112.0516713984549,145.6137820263783,51.57570473873509,0.3929085600850094,2.2998434501094867
Homo_sapiens_tRNA-Pro-AGG-2-1,75,CCU,Pro,False,139.04431649302333,131.9685337599059,144.10782108305736,93.02905502401003,0.36131844314902517,1.1391356394733507
Homo_sapiens_tRNA-Pro-CGG-1-1,75,CCG,Pro,False,124.05200395700291,115.59554566990515,132.8002604596638,92.71816769055424,0.7073859350128777,1.9960694522751012
Homo_sapiens_tRNA-Pro-CGG-2-1,75,CCG,Pro,False,135.53627472628375,130.74024787417216,140.36507524550478,93.87264351468502,0.5366020785868214,0.6951592776440957
Homo_sapiens_tRNA-Pro-TGG-1-1,75,CCA,Pro,False,130.11494846468852,123.24122531791248,136.9839796367181,93.395736214808,0.45982082097967664,1.542113583417744
Homo_sapiens_tRNA-Pro-TGG-2-1,75,CCA,Pro,False,129.11837462014336,124.39266329926302,134.53491726471887,92.3099250147417,0.5439756328907706,0.8700046641727046
Homo_sapiens_tRNA-Pro-TGG-3-1,75,CCA,Pro,False,130.18327691735163,123.28665433533229,136.39610631922923,93.67883515133632,0.49164227919014636,0.6737490440562213
Homo_sapiens_tRNA-Ser-AGA-1-1,85,UCU,Ser,False,731.923569993765,658.2886097204736,761.9962676455299,85.00342321934349,0.0,4.698191373045026
Homo_sapiens_tRNA-Ser-AGA-2-1,85,UCU,Ser,False,721.0974175382072,642.2317096404449,749.1484603308811,84.67428369784534,0.0,3.0025675888028887
Homo_sapiens_tRNA-Ser-CGA-1-1,85,UCG,Ser,False,656.5189080619829,592.0275518704457,686.7459187739901,83.66680666182877,0.1378453496153137,10.180520202317542
Homo_sapiens_tRNA-Ser-CGA-4-1,85,UCG,Ser,False,700.018784727651,631.9368535751744,739.5618180971727,85.91886158204065,0.03523335422417076,5.4750774711899215
Homo_sapiens_tRNA-Ser-GCT-1-1,85,AGC,Ser,False,699.6058008486342,661.2887830196199,739.3035980353241,83.29168774554073,0.0,12.133765104413936
Homo_sapiens_tRNA-Ser-GCT-2-1,85,AGC,Ser,False,716.5751629197209,671.8406106207945,755.6481342073579,84.23733072159877,0.0,7.993174370192502
Homo_sapiens_tRNA-Ser-GCT-5-1,85,AGC,Ser,False,678.7954473451126,604.1393613866044,714.3609354022531,84.20529604503574,0.0,5.879388564068843
Homo_sapiens_tRNA-Ser-TGA-1-1,85,UCA,Ser,False,720.1245529766406,685.0388348653241,751.8173767559673,84.64121007386888,0.0,6.629712254862813
Homo_sapiens_tRNA-Ser-TGA-2-1,85,UCA,Ser,False,655.6693474253981,569.0461366923472,705.356691376905,85.2612081854521,0.6240449833248182,4.045231713506981
Homo_sapiens_tRNA-Ser-TGA-3-1,85,UCA,Ser,False,685.6663765840043,627.7461353449963,742.9281015628872,84.46521598154433,0.0,6.735209175526544
Homo_sapiens_tRNA-Ser-TGA-4-1,85,UCA,Ser,False,662.4298942924961,595.7279438009841,733.464441968476,90.48144218726874,1.7638850456705883,5.038726826372454
Homo_sapiens_tRNA-Thr-AGT-1-1,77,ACU,Thr,False,875.2373879323236,790.0626644880497,916.0086315476331,96.54568802971399,0.0,2.643486023579237
Homo_sapiens_tRNA-Thr-AGT-2-1,77,ACU,Thr,False,753.0402199426773,719.8175448870452,812.9846669386372,89.61148696312416,2.8238040003906035,4.979487814234857
Homo_sapiens_tRNA-Thr-AGT-3-1,77,ACU,Thr,False,862.115780818839,796.9350071360147,909.02771368501,92.2168172361784,1.0788292754843292,4.422070758358327
Homo_sapiens_tRNA-Thr-AGT-4-1,77,ACU,Thr,False,802.0402929043569,716.8491834817174,878.143510613791,90.74845406223136,2.3678940813375253,4.733870506049693
Homo_sapiens_tRNA-Thr-AGT-5-1,77,ACU,Thr,False,842.6667520178146,793.4376808245397,913.1042532461881,94.91543816521595,1.3658907094319062,1.781043405479088
Homo_sapiens_tRNA-Thr-AGT-6-1,77,ACU,Thr,False,869.2698245322707,745.5192424784067,1004.1970706750761,92.74082636788408,1.9088135771336685,7.182720477758171
Homo_sapiens_tRNA-Thr-CGT-1-1,77,ACG,Thr,False,895.5899354268895,812.6330934158481,953.5435654762441,93.4238724258535,0.0,3.62094988291234
Homo_sapiens_tRNA-Thr-CGT-2-1,75,ACG,Thr,False,837.4515636303216,764.12438843528,913.5914460681203,94.5670613513847,1.8365508539412607,1.8467336233457365
Homo_sapiens_tRNA-Thr-CGT-3-1,77,ACG,Thr,False,846.2872459487704,720.5654955288949,904.3892718605923,93.66891343019873,0.0,6.254592184577395
Homo_sapiens_tRNA-Thr-CGT-4-1,75,ACG,Thr,False,820.6776398156965,761.0981583239666,902.5528171782024,93.57760429963245,2.507842446181314,3.1451602423973544
Homo_sapiens_tRNA-Thr-TGT-1-1,77,ACA,Thr,False,865.9654719015914,780.4015241702206,898.6906069553991,93.29146745244411,0.0,5.148618249908255
Homo_sapiens_tRNA-Thr-TGT-2-1,76,ACA,Thr,False,905.9466498892256,808.3308394261375,975.9589069817363,93.55648726499832,0.0,5.411859783213617
Homo_sapiens_tRNA-Thr-TGT-3-1,76,ACA,Thr,False,846.4817493950113,764.6465136396372,904.9051555561705,91.53347229385628,1.439688770262214,5.0207287956036195
Homo_sapiens_tRNA-Thr-TGT-4-1,76,ACA,Thr,False,889.3530731628019,789.4720805735718,946.0250121437027,93.91004339936306,0.0,4.052408176618363
Homo_sapiens_tRNA-Thr-TGT-5-1,76,ACA,Thr,False,882.4384213177824,775.1741906796634,978.5116413392932,93.91025996736643,0.5302056885420936,5.475013968990162
Homo_sapiens_tRNA-Trp-CCA-1-1,75,UGG,Trp,False,708.9802715882879,643.4044611497861,761.1065562710721,96.70557932795258,0.8710018403806141,0.42399008128981586
Homo_sapiens_tRNA-Trp-CCA-2-1,75,UGG,Trp,False,686.5573648750845,642.933462066842,728.5796389020187,96.48897816008194,1.294154754487825,0.3196321405733036
Homo_sapiens_tRNA-Trp-CCA-3-1,75,UGG,Trp,False,700.4080261382629,657.3692558483451,733.2488226128509,96.91397027294578,0.8654569267291937,0.4009062481994872
Homo_sapiens_tRNA-Trp-CCA-4-1,75,UGG,Trp,False,724.2579618823213,688.8484127816997,739.2747171288938,97.62974115920413,0.07672133951795367,0.31452732065548716
Homo_sapiens_tRNA-Tyr-GTA-1-1,76,UAC,Tyr,False,681.5488149701868,644.9078699942407,726.6310610593745,93.71865324349993,0.0,9.268142604329924
Homo_sapiens_tRNA-Tyr-GTA-8-1,76,UAC,Tyr,False,673.0336441117325,640.689766753286,712.6507250151968,93.46167054645112,0.0,7.3599594378203825
Homo_sapiens_tRNA-Val-AAC-1-1,76,GUU,Val,False,2007.2288600982574,1857.463456815145,2202.161650932997,92.84890871006014,3.5,2.5225218782292855
Homo_sapiens_tRNA-Val-AAC-2-1,76,GUU,Val,False,2029.7425120767984,1886.1544445355353,2203.4409436691517,93.00362169946516,3.5,1.4867126259196872
Homo_sapiens_tRNA-Val-AAC-3-1,76,GUU,Val,False,2578.799715047743,2385.93568717863,2818.583737852168,98.16398521951366,0.5976542949682698,0.480246389216504
Homo_sapiens_tRNA-Val-CAC-1-1,76,GUG,Val,False,2083.0727282100015,1973.2330332842766,2225.037902402367,93.26177941654134,3.5,1.135813930766978
Homo_sapiens_tRNA-Val-CAC-2-1,76,GUG,Val,False,2097.5453166433017,1961.2588908234027,2255.571187234689,91.569296094323,3.5,1.5617814775487606
Homo_sapiens_tRNA-Val-CAC-3-1,76,GUG,Val,False,2280.042007194798,2172.00959070679,2458.74338886565,93.55686238365551,3.5,0.20442779561908503
Homo_sapiens_tRNA-Val-CAC-4-1,76,GUG,Val,False,2404.844727180074,2290.6908368964578,2537.6216830564877,93.78902902868045,3.5,1.2624721500768248
Homo_sapiens_tRNA-Val-TAC-1-1,76,GUA,Val,False,2252.049831369462,2183.530062237402,2470.331455799675,93.24712224355059,3.5,0.19332343722302342
Homo_sapiens_tRNA-Val-TAC-2-1,76,GUA,Val,False,2358.5383696724853,2154.7859126244234,2580.387299143397,93.46046333769819,3.5,0.7757627336054651
Homo_sapiens_tRNA-Val-TAC-3-1,76,GUA,Val,False,2491.545759768912,2234.3185537431496,2860.048048106441,93.29801025260296,3.5,1.3986111542564834
Homo_sapiens_tRNA-Val-TAC-4-1,76,GUA,Val,False,2415.801944660483,2184.562512912822,2498.1395093908645,98.20015897849046,0.0,0.9171470640476683
Homo_sapiens_tRNA-iMet-CAT-1-1,75,AUG,iMet,False,409.269074285247,397.36911671881757,424.26888386224937,97.21358446146562,0.45986203246546653,0.4115702282037588
