tRNA_annotation,tRNA_annotation_len,codon,amino_acid,mito_codon,hl,hl_ci_l,hl_ci_u,N0,Ninf,hl_residual,first_base,second_base,discr_base
Homo_sapiens_mito_tRNA-Ala-TGC,72,GCA,Ala,True,379.600556711315,364.10675372762967,395.63491284641185,95.16400313555332,1.0492262967870944,2.632131310412321,A,A,A
Homo_sapiens_mito_tRNA-Arg-TCG,68,CGA,Arg,True,226.06506212662984,213.4802467632745,242.65668612647755,95.26878833192488,0.9629142829584753,1.1128443257777278,T,G,A
Homo_sapiens_mito_tRNA-Asn-GTT,76,AAC,Asn,True,94.81218479596028,89.8521365734076,100.07139246157898,89.63746821220276,1.3986934662072301,1.9423868668862436,T,A,G
Homo_sapiens_mito_tRNA-Asp-GTC,71,GAC,Asp,True,908.698595068039,865.0654409442612,926.7401171562981,96.52784086861863,0.0,0.39379268603725104,A,A,A
Homo_sapiens_mito_tRNA-Cys-GCA,69,UGC,Cys,True,170.79793599912492,157.7801882967617,195.66480334665195,90.16980284116887,2.7968015072432437,3.172402264627978,A,G,T
Homo_sapiens_mito_tRNA-Gln-TTG,75,CAA,Gln,True,349.49857964808416,340.2300798253232,358.1898178872358,92.13123743625766,1.2611160907147705,2.7783965219458002,T,A,G
Homo_sapiens_mito_tRNA-Glu-TTC,72,GAA,Glu,True,660.3961367773952,624.5242544893706,689.5044220471694,92.97418342392533,0.0,2.4015569167587842,G,T,A
Homo_sapiens_mito_tRNA-Gly-TCC,71,GGA,Gly,True,600.3944557798436,573.4081336620947,633.9561191580227,92.2565197307781,1.156118866158714,1.5013326906579718,A,C,A
Homo_sapiens_mito_tRNA-His-GTG,72,CAC,His,True,418.7545024358792,397.7701535729577,437.1552693348439,85.44129448546387,0.6141582190359615,0.8808663215129244,G,T,C
Homo_sapiens_mito_tRNA-Ile-GAT,72,AUC,Ile,True,2961.171018428516,2841.97616530726,3098.424855662895,94.1101384880511,3.5,0.18743038319044114,A,G,A
Homo_sapiens_mito_tRNA-Leu1-TAG,74,CUA,Leu,True,524.411361696601,494.03824988206776,560.4934348357652,88.00473983560369,1.5626433363098087,1.9319233165370902,A,C,A
Homo_sapiens_mito_tRNA-Leu2-TAA,78,UUA,Leu,True,562.1766059884379,536.9108030145858,589.3761093780331,96.21649079383225,1.1780754128874575,0.32170313755329566,G,T,A
Homo_sapiens_mito_tRNA-Lys-TTT,73,AAA,Lys,True,463.07950635209835,439.56633310623516,489.28930996899203,92.40492491431964,0.7721734859500776,0.5119265176555052,C,A,A
Homo_sapiens_mito_tRNA-Phe-GAA,74,UUC,Phe,True,426.63360454663757,407.56127494402006,446.00151383055356,86.47106615025649,2.593358040821738,1.2523627308075085,G,T,A
Homo_sapiens_mito_tRNA-Pro-TGG,71,CCA,Pro,True,182.18219303004432,169.92793345436337,195.22091247841735,80.08253990696849,0.8424600683535945,0.25377932841086903,C,A,A
Homo_sapiens_mito_tRNA-Ser2-TGA,72,UCA,Ser,True,563.5113959426783,534.9609217182322,602.5186660483953,86.87312244788963,3.5,3.587741880909216,G,A,G
Homo_sapiens_mito_tRNA-Thr-TGT,69,ACA,Thr,True,997.7585399898556,957.5738806789083,1112.5182483343872,77.27044895231288,3.5,7.382153257105855,G,T,A
Homo_sapiens_mito_tRNA-Trp-TCA,71,UGA,Trp,True,650.8011758013532,625.9643035127222,683.0341999283883,93.4072134184091,3.397141577989853,0.5438685040896557,A,G,G
Homo_sapiens_mito_tRNA-Tyr-GTA,69,UAC,Tyr,True,550.7162558124688,503.84177598733737,615.854702996303,79.56197916390938,2.1562533243650877,5.705823712859622,G,G,A
Homo_sapiens_mito_tRNA-Val-TAC,72,GUA,Val,True,2368.310083313729,2306.2857546308546,2585.053977617071,80.56692651842596,3.5,0.7401985206264579,C,A,A
Homo_sapiens_tRNA-Ala-AGC-1-1,75,GCU,Ala,False,420.50464388832984,406.82684586296097,436.5854241355277,95.22505128853493,0.29991443870389334,2.558649402910415,G,G,A
Homo_sapiens_tRNA-Ala-AGC-11-1,76,GCU,Ala,False,359.7016827598231,341.7581893792234,375.1059889975793,94.05763359985934,1.0577388137544599,0.6423951666122798,G,G,A
Homo_sapiens_tRNA-Ala-AGC-2-1,75,GCU,Ala,False,395.8145410942165,378.4510849466432,418.3846138144782,94.60106146789242,0.7782770158197765,1.5327629480440503,G,G,A
Homo_sapiens_tRNA-Ala-AGC-3-1,75,GCU,Ala,False,398.9328247916399,375.6436810622928,422.5609337587753,93.83194459426645,0.8486963543890189,0.9396528675996825,G,G,A
Homo_sapiens_tRNA-Ala-AGC-4-1,75,GCU,Ala,False,401.60288288539823,383.3510538692424,414.8712693963578,92.87703007408378,0.9806034817831247,2.3036571928128806,G,G,A
Homo_sapiens_tRNA-Ala-AGC-5-1,75,GCU,Ala,False,418.110372794922,400.26486905338135,434.5304067159067,96.11207639030235,0.1676709712243931,2.216467142035323,G,G,A
Homo_sapiens_tRNA-Ala-AGC-6-1,75,GCU,Ala,False,396.35353372891154,376.20776217836567,412.5073386336685,93.77069993808065,0.3372797404947761,2.878722482794932,G,G,A
Homo_sapiens_tRNA-Ala-AGC-8-1,76,GCU,Ala,False,387.9550143957981,372.58889440274396,401.5398078332661,95.37766521294559,0.6464610459912118,1.2319628027469973,G,G,A
Homo_sapiens_tRNA-Ala-CGC-1-1,75,GCG,Ala,False,384.2306851578277,373.02133880781696,398.16077035554105,97.17593858318702,0.6523512515910614,0.8278095787052949,G,G,A
Homo_sapiens_tRNA-Ala-CGC-2-1,75,GCG,Ala,False,375.3827016911888,365.20899683514506,386.43521409257306,96.18189196712143,1.3030549858297589,0.7851671541490257,G,G,A
Homo_sapiens_tRNA-Ala-CGC-3-1,75,GCG,Ala,False,421.22766589462475,408.1658307537295,434.7289622125243,97.3754214924444,0.37613422559585574,1.2965879148845127,G,G,A
Homo_sapiens_tRNA-Ala-CGC-4-1,75,GCG,Ala,False,563.1609574151012,534.1952336567932,598.7673408692266,95.9126317611726,2.300683500332489,1.083377369091607,G,G,A
Homo_sapiens_tRNA-Ala-TGC-1-1,75,GCA,Ala,False,407.9638079977077,394.59481506315643,421.186228744789,97.1934892098802,0.287933292491567,1.1692003237700712,G,G,A
Homo_sapiens_tRNA-Ala-TGC-2-1,75,GCA,Ala,False,377.5172508550731,364.6173645289264,392.65562849449583,96.24353637880297,1.0526965127122438,1.163235713230891,G,G,A
Homo_sapiens_tRNA-Ala-TGC-3-1,75,GCA,Ala,False,393.0679348778556,379.43522483966876,408.30420765103355,96.4646991289301,0.7186859021101469,0.9380945860733936,G,G,A
Homo_sapiens_tRNA-Ala-TGC-4-1,75,GCA,Ala,False,377.5298903432204,364.5771437930628,391.1040997742222,95.03773903102089,1.6314280186277428,0.6738569041551862,G,G,A
Homo_sapiens_tRNA-Ala-TGC-5-1,75,GCA,Ala,False,400.3957728041846,388.0181818792505,414.1920634303145,97.28636577440761,0.2881409369812586,1.9573071021216812,G,G,A
Homo_sapiens_tRNA-Ala-TGC-6-1,75,GCA,Ala,False,454.3921246573751,430.7083210316894,473.7303412334385,98.42522108109436,0.0,3.1286293415678346,G,G,A
Homo_sapiens_tRNA-Arg-ACG-1-1,76,CGU,Arg,False,221.5884819968371,206.97009691349635,235.06559498599466,94.95974165920994,0.20438114773932817,3.235399729400729,G,G,G
Homo_sapiens_tRNA-Arg-ACG-2-1,76,CGU,Arg,False,243.74921263999252,232.7465410095068,258.4873616169619,95.04784429526543,0.05873792387034453,5.72586005536846,G,G,G
Homo_sapiens_tRNA-Arg-CCG-1-1,76,CGG,Arg,False,212.14310620767273,205.87642135824024,220.92512178302488,95.71635493895731,0.4174802444799482,0.8099521099064967,G,G,G
Homo_sapiens_tRNA-Arg-CCG-2-1,76,CGG,Arg,False,229.0541842442424,221.38788735479142,236.04048638125926,96.2267475070911,0.2930039849206657,2.6129621071182427,G,A,G
Homo_sapiens_tRNA-Arg-CCT-1-1,76,AGG,Arg,False,216.37753051733222,208.84315671213557,224.46034791713487,96.55300501047856,0.09713996251673279,3.6373991010006193,G,C,A
Homo_sapiens_tRNA-Arg-CCT-2-1,76,AGG,Arg,False,209.69055372287505,203.10931690637187,217.98736970152288,96.15070588235528,0.23868609487615386,1.4138001088452086,G,C,G
Homo_sapiens_tRNA-Arg-CCT-3-1,76,AGG,Arg,False,235.40471117737755,225.68129924540335,242.11175622307238,96.28604032766304,0.03556891583008712,5.775644394132557,G,C,A
Homo_sapiens_tRNA-Arg-CCT-4-1,76,AGG,Arg,False,212.314019795892,205.59272902003593,221.18719678548092,94.44411309923652,0.6179853089994652,0.7350296286510305,G,C,G
Homo_sapiens_tRNA-Arg-TCG-1-1,76,CGA,Arg,False,223.97713449443455,202.19682114923344,243.03273840578174,96.707749994939,0.2532140889834287,1.5480886007097614,G,G,G
Homo_sapiens_tRNA-Arg-TCG-2-1,76,CGA,Arg,False,209.39376427183961,200.3612835117928,221.69936227511624,95.23395944059298,0.2579086260562377,2.426935913870744,G,A,A
Homo_sapiens_tRNA-Arg-TCG-3-1,76,CGA,Arg,False,216.18077909906074,207.59281699653425,226.4398450066372,95.95117904390467,0.17480604617407458,1.4348487992300243,G,A,G
Homo_sapiens_tRNA-Arg-TCG-4-1,76,CGA,Arg,False,216.14682974631424,211.4874364263743,220.97756470107063,94.79880508146633,0.37512695950690567,2.531040068255963,G,A,A
Homo_sapiens_tRNA-Arg-TCG-5-1,76,CGA,Arg,False,203.59473832859484,197.47841845234896,210.65269142011283,94.97034332034974,0.5764981010637864,0.3720097419586243,G,A,G
Homo_sapiens_tRNA-Arg-TCT-1-1,76,AGA,Arg,False,229.39818582524558,219.66080400959962,240.31897142626005,96.64197404053009,0.24094862290834054,1.1262530234944077,G,G,G
Homo_sapiens_tRNA-Arg-TCT-2-1,76,AGA,Arg,False,230.05892703824108,222.26032558009035,239.76455441813957,95.85622416264204,0.21027065214041654,1.2802675129897632,G,G,G
Homo_sapiens_tRNA-Arg-TCT-3-1,76,AGA,Arg,False,227.55748865841326,219.77254820569166,237.645367616819,95.298636614842,0.4061893316996481,1.1896752224663625,G,G,G
Homo_sapiens_tRNA-Arg-TCT-4-1,77,AGA,Arg,False,215.7804942366796,209.92070044186048,219.7191249211051,95.16645901803594,0.20809036901108816,1.510333241471192,G,T,G
Homo_sapiens_tRNA-Asn-GTT-1-1,77,AAC,Asn,False,88.00109632636155,83.97494463175245,92.21641737659847,96.51726193406478,0.2458373387937892,4.111182599763387,G,T,G
Homo_sapiens_tRNA-Asn-GTT-2-1,77,AAC,Asn,False,84.7362768660194,81.98865082826738,88.40595486249748,95.8842202188334,0.3686088626455245,0.38982956850591455,G,T,G
Homo_sapiens_tRNA-Asn-GTT-3-1,77,AAC,Asn,False,83.17624360011186,79.51984612999951,88.75686347747181,95.65720474791217,0.4861660684161348,0.5074892455083737,G,T,G
Homo_sapiens_tRNA-Asn-GTT-4-1,77,AAC,Asn,False,82.91080555315462,78.05882709181184,87.27540509538952,95.53592129805887,0.3136259359605262,3.346232757135599,G,T,G
Homo_sapiens_tRNA-Asn-GTT-5-1,77,AAC,Asn,False,83.61223662246245,79.25836996675015,87.68572418209247,95.56868180297813,0.4271197372025991,0.3256164754266626,G,T,G
Homo_sapiens_tRNA-Asn-GTT-6-1,77,AAC,Asn,False,82.86536884117918,79.21244672488476,87.4683066217073,95.37967738185266,0.3042364178791746,2.0889126378664162,G,T,G
Homo_sapiens_tRNA-Asp-GTC-1-1,75,GAC,Asp,False,884.4858282106323,829.1811845829694,903.3943808357621,94.28009096810216,0.32762611645571577,1.2145826949223817,T,C,G
Homo_sapiens_tRNA-Asp-GTC-2-1,75,GAC,Asp,False,979.6867783917008,938.6920255802397,1019.1552426741192,95.71719681333236,0.0,4.007693077778443,T,C,G
Homo_sapiens_tRNA-Cys-GCA-11-1,75,UGC,Cys,False,213.6219783716771,199.22091437787827,233.70925621997335,93.03975728388282,3.5,9.193029079331527,G,G,T
Homo_sapiens_tRNA-Cys-GCA-2-1,75,UGC,Cys,False,220.5663803313933,202.5863355759719,243.90600741580894,93.68849248153256,3.366437969783782,8.91455022676212,G,G,T
Homo_sapiens_tRNA-Cys-GCA-4-1,75,UGC,Cys,False,215.50404571652848,194.77362857667592,236.2022742525887,93.24788647033884,3.5,13.762004868633904,G,G,T
Homo_sapiens_tRNA-Cys-GCA-5-1,76,UGC,Cys,False,209.4127321817208,189.75492744224266,236.96375459084416,93.29410717740082,3.0193102485894783,6.47791165466759,G,G,T
Homo_sapiens_tRNA-Cys-GCA-6-1,75,UGC,Cys,False,212.70657941293638,195.53988994001438,237.44110082438857,92.66226334287892,3.405924395185241,12.487700751534678,G,G,T
Homo_sapiens_tRNA-Cys-GCA-8-1,75,UGC,Cys,False,222.2214230473889,196.61106292192306,243.9725073430057,94.18866994708262,3.15518693494955,12.089751241108955,G,G,T
Homo_sapiens_tRNA-Cys-GCA-9-1,75,UGC,Cys,False,222.80193855554887,209.6253980910928,244.02965933887094,93.52884726669237,3.5,14.060200984731821,G,G,T
Homo_sapiens_tRNA-Gln-CTG-1-1,75,CAG,Gln,False,248.46805445929897,234.36153188474373,263.35871251828974,96.77223980866657,0.04878884383922637,10.38015307977149,G,G,T
Homo_sapiens_tRNA-Gln-CTG-2-1,75,CAG,Gln,False,254.92419076200835,241.2757564051579,270.1280966252991,96.6477207214633,0.059847260618553576,12.8594199267718,G,G,T
Homo_sapiens_tRNA-Gln-CTG-4-1,75,CAG,Gln,False,265.6016826045901,250.5229285874686,277.01110267190717,96.87266247896929,0.035088294854286724,13.180241499163024,G,G,T
Homo_sapiens_tRNA-Gln-TTG-1-1,75,CAA,Gln,False,288.7031370316107,260.80331644879385,308.7728722539603,99.16464366426777,0.0,30.169005176543912,G,G,T
Homo_sapiens_tRNA-Gln-TTG-2-1,75,CAA,Gln,False,302.24590713753366,273.8530074967756,319.18959762925357,99.19258903590152,0.0,29.211206479403806,G,G,T
Homo_sapiens_tRNA-Gln-TTG-3-1,75,CAA,Gln,False,239.9456321290862,229.34196785959995,252.44589426363487,98.26625087104665,0.0,13.294279494844467,G,G,T
Homo_sapiens_tRNA-Glu-CTC-1-1,75,GAG,Glu,False,661.5209336898499,628.9939256500484,700.4782360055183,89.95891508848013,1.6477906075120585,0.376378666628125,T,C,A
Homo_sapiens_tRNA-Glu-TTC-1-1,75,GAA,Glu,False,595.8756491559949,559.3102754110141,633.9255945394648,84.28844151864516,1.8055343462050508,0.6397255276204488,T,C,A
Homo_sapiens_tRNA-Glu-TTC-2-1,75,GAA,Glu,False,598.2461115167922,527.7292223393538,675.0510123826552,76.8573594648187,1.2981457718743559,1.1347299987253965,T,C,A
Homo_sapiens_tRNA-Glu-TTC-4-1,75,GAA,Glu,False,592.2222412695851,546.6552309175053,683.7862707572751,78.25902782997137,2.641852149305374,1.3634041634549083,T,C,A
Homo_sapiens_tRNA-Gly-CCC-1-1,74,GGG,Gly,False,707.5070335059238,677.5506286525574,722.0782087386631,98.55479225384462,0.0,0.48527290903624165,G,C,A
Homo_sapiens_tRNA-Gly-CCC-2-1,74,GGG,Gly,False,741.1314361121437,688.2494374116735,760.9429860625155,98.14588890836434,0.30318004246177715,0.972575303728693,G,C,A
Homo_sapiens_tRNA-Gly-GCC-1-1,74,GGC,Gly,False,662.3808743605911,613.2579002238161,725.0711814346719,93.58928712879015,2.3388998080995016,0.6927512112616819,G,C,A
Homo_sapiens_tRNA-Gly-GCC-2-1,74,GGC,Gly,False,702.6844638866575,644.7946369026528,731.5283790086725,94.82696022298909,0.41246693383094246,0.7673216299550527,G,C,A
Homo_sapiens_tRNA-Gly-TCC-1-1,75,GGA,Gly,False,729.8122974321818,686.4246063818323,763.9320796477264,97.33689346838312,0.0,0.30088482018515395,G,C,A
Homo_sapiens_tRNA-Gly-TCC-2-1,75,GGA,Gly,False,721.6332329641599,687.9623515363581,739.1542758552171,97.34431117230218,0.0,0.5188348624371878,G,C,A
Homo_sapiens_tRNA-Gly-TCC-3-1,75,GGA,Gly,False,732.0026696493665,698.1033758632022,748.1498199146945,97.42171105434313,0.0,0.5608676909952048,G,C,A
Homo_sapiens_tRNA-His-GTG-1-1,75,CAC,His,False,428.70841309424736,402.7115551886271,455.12083068301547,89.42522726776065,1.407708062838128,1.2419955562229883,G,C,A
Homo_sapiens_tRNA-Ile-AAT-2-1,77,AUU,Ile,False,2631.208530354604,2540.920058990501,2953.1927218219375,92.75451463975472,3.5,0.1582252520517103,G,G,A
Homo_sapiens_tRNA-Ile-AAT-3-1,77,AUU,Ile,False,2608.8724024165804,2348.067472056842,3121.2328038160745,87.41111697551358,3.5,2.997185401183084,G,G,A
Homo_sapiens_tRNA-Ile-AAT-4-1,77,AUU,Ile,False,2656.7789383672725,2553.9464339060823,3035.4379051552514,93.01372531351153,3.5,0.14245005525780075,G,G,A
Homo_sapiens_tRNA-Ile-AAT-5-1,77,AUU,Ile,False,2869.3690476848,2652.626206776008,3006.002293453846,95.99216725310202,0.6442705782617578,0.07195728310534599,G,G,A
Homo_sapiens_tRNA-Ile-AAT-6-1,77,AUU,Ile,False,2845.7638601683225,2714.4980612740596,3023.8256308657,91.59074858937002,3.5,0.18361499132163012,G,G,A
Homo_sapiens_tRNA-Ile-AAT-7-1,77,AUU,Ile,False,3013.397504905683,2802.5199923889277,3195.8072274914166,96.2435560979914,0.4963381171264148,0.7177558457550586,G,G,A
Homo_sapiens_tRNA-Ile-AAT-8-1,77,AUU,Ile,False,2870.5831284370884,2717.855455358646,2934.946804104328,95.1113677711718,0.0,0.6373224626292111,G,G,A
Homo_sapiens_tRNA-Ile-TAT-1-1,77,AUA,Ile,False,2648.151597720051,2439.220862997145,2784.779838879366,93.95492451225284,3.5,2.1245304956629614,G,C,A
Homo_sapiens_tRNA-Ile-TAT-2-1,77,AUA,Ile,False,2633.4284957503264,2407.157717940073,2866.313032323816,93.72881946449984,3.5,1.1344229915026809,G,C,A
Homo_sapiens_tRNA-Leu-AAG-1-1,85,CUU,Leu,False,596.4417208637171,564.2868463932965,627.7578567263278,93.22960294248509,1.3059096280673552,1.7368718833602936,G,G,A
Homo_sapiens_tRNA-Leu-AAG-2-1,85,CUU,Leu,False,528.1260529800129,501.0592661484877,567.8740250575148,90.93607212375308,2.430956769304284,1.3906824804466993,G,G,A
Homo_sapiens_tRNA-Leu-CAA-1-1,86,UUG,Leu,False,493.63489293139315,458.1227475605793,533.6731755892581,90.4953920394526,2.3605983102405363,0.897215552882685,G,T,A
Homo_sapiens_tRNA-Leu-CAA-2-1,87,UUG,Leu,False,504.2269290748658,476.97488129221836,532.3253045492932,93.36097956986734,2.3176879063843017,1.4414561022451056,G,T,A
Homo_sapiens_tRNA-Leu-CAA-3-1,87,UUG,Leu,False,473.240645824113,445.7829305618644,509.82705147235583,92.39371455499064,2.6186408598103577,0.9149022421203092,G,T,A
Homo_sapiens_tRNA-Leu-CAA-4-1,87,UUG,Leu,False,536.3134428585172,511.2180726663893,565.0724812202959,94.59075975175197,1.5740414544055101,0.719543127364051,G,T,A
Homo_sapiens_tRNA-Leu-CAG-1-1,86,CUG,Leu,False,602.1078936995801,570.4561736082761,621.2228781308695,95.05795206513757,0.5338200901136277,1.1155340998932288,G,T,A
Homo_sapiens_tRNA-Leu-CAG-2-1,86,CUG,Leu,False,601.5449774869086,569.329061621994,626.3578514174671,94.07648315386338,0.892693500956904,1.1467755212937463,G,T,A
Homo_sapiens_tRNA-Leu-TAA-1-1,86,UUA,Leu,False,461.7309666257405,423.7552342356332,519.5406098921924,91.76888231420808,2.601078434715292,2.7314741018487743,A,C,A
Homo_sapiens_tRNA-Leu-TAA-3-1,86,UUA,Leu,False,531.3686902199814,497.409935738181,557.372447479913,92.46657128310434,1.6966535643751535,1.6522158831709888,A,C,A
Homo_sapiens_tRNA-Leu-TAG-1-1,85,CUA,Leu,False,611.9578496085558,589.9970795099402,627.2601283753548,97.26269629436183,0.0,0.5393906302577132,G,G,A
Homo_sapiens_tRNA-Leu-TAG-2-1,85,CUA,Leu,False,526.8760083977227,505.0285549353601,560.87284868509,93.82290260255344,2.436147779493725,0.7357297560612507,G,G,A
Homo_sapiens_tRNA-Leu-TAG-3-1,85,CUA,Leu,False,528.8347383388734,508.1183660615938,550.670666238171,95.0858065331927,1.445691670774334,1.435966376673045,G,G,A
Homo_sapiens_tRNA-Lys-CTT-1-1,76,AAG,Lys,False,482.19379916923367,468.84687603329587,493.6146545056304,97.36163766813482,0.0,2.103570566139593,G,C,G
Homo_sapiens_tRNA-Lys-CTT-2-1,76,AAG,Lys,False,469.37172115781806,445.9847067736063,487.4063673180468,97.47210822237123,0.0,1.8819645245399534,G,C,G
Homo_sapiens_tRNA-Lys-CTT-4-1,76,AAG,Lys,False,500.40044826004674,472.3365174781304,524.6542522152466,96.69750925981553,0.8725133703036364,1.3001101547974547,G,C,G
Homo_sapiens_tRNA-Lys-TTT-2-1,76,AAA,Lys,False,439.94144939238174,419.15671214376556,463.7921082388274,95.79735337049894,0.11424400141378065,2.3691615450352113,G,C,G
Homo_sapiens_tRNA-Lys-TTT-3-1,76,AAA,Lys,False,463.63439638362036,450.6550653557539,475.2893911208744,96.00561050492095,0.0,2.2338963066784747,G,C,G
Homo_sapiens_tRNA-Lys-TTT-4-1,76,AAA,Lys,False,437.48913383707173,399.76824846319715,464.5164409127366,95.01385537755489,0.35879307508233527,4.1855079266609225,G,C,G
Homo_sapiens_tRNA-Lys-TTT-6-1,76,AAA,Lys,False,447.1139440094851,432.7726073797977,460.25710033416306,96.391696859824,0.2024907607056874,3.185610882023966,G,C,G
Homo_sapiens_tRNA-Met-CAT-1-1,76,AUG,Met,False,457.5459896717282,444.3816545568383,468.8304043047786,96.53867676546838,0.0,1.849769783337666,G,C,A
Homo_sapiens_tRNA-Met-CAT-3-1,76,AUG,Met,False,464.20784766819287,447.37320815237996,476.9492625612545,96.95562411814475,0.0,1.5073842350780884,G,C,A
Homo_sapiens_tRNA-Met-CAT-4-1,76,AUG,Met,False,477.5824984005739,458.849785446598,494.5389480010966,97.25040207183245,0.0,3.0581296101984154,G,C,A
Homo_sapiens_tRNA-Met-CAT-6-1,76,AUG,Met,False,466.37249814689613,448.77812395277573,475.9233273424031,96.40715147622778,0.0,2.301493773472328,G,C,A
Homo_sapiens_tRNA-Phe-GAA-1-1,76,UUC,Phe,False,456.3603783818011,436.89386568776104,471.79417235182325,93.97827888492347,0.6494803659858379,0.5571876260210583,G,C,A
Homo_sapiens_tRNA-Phe-GAA-2-1,76,UUC,Phe,False,469.2026948241359,450.49973184835375,491.18840198764883,94.25158474737528,0.0,2.6119405718977236,G,C,A
Homo_sapiens_tRNA-Phe-GAA-3-1,76,UUC,Phe,False,477.8251582967465,441.5996497322215,502.5690336598885,95.93870957407275,0.021813342030100758,2.0968453170487797,G,C,A
Homo_sapiens_tRNA-Pro-AGG-1-1,75,CCU,Pro,False,129.4321981825204,116.10353588164463,144.78419411355466,51.57570473873509,0.3929085600850094,2.2998434501094867,G,G,C
Homo_sapiens_tRNA-Pro-AGG-2-1,75,CCU,Pro,False,139.04431649302333,132.5969167794691,144.01436768773047,93.02905502401003,0.36131844314902517,1.1391356394733507,G,G,C
Homo_sapiens_tRNA-Pro-CGG-1-1,75,CCG,Pro,False,124.05200395700291,117.40470725127294,132.0084022692383,92.71816769055424,0.7073859350128777,1.9960694522751012,G,G,C
Homo_sapiens_tRNA-Pro-CGG-2-1,75,CCG,Pro,False,135.53627472628375,130.86462422813852,142.4813210845092,93.87264351468502,0.5366020785868214,0.6951592776440957,G,G,C
Homo_sapiens_tRNA-Pro-TGG-1-1,75,CCA,Pro,False,130.11494846468852,123.31221778330455,136.44373850205665,93.395736214808,0.45982082097967664,1.542113583417744,G,G,C
Homo_sapiens_tRNA-Pro-TGG-2-1,75,CCA,Pro,False,129.11837462014336,124.04268813987035,134.32130247001763,92.3099250147417,0.5439756328907706,0.8700046641727046,G,G,C
Homo_sapiens_tRNA-Pro-TGG-3-1,75,CCA,Pro,False,130.18327691735163,124.55835117042858,135.49456954900538,93.67883515133632,0.49164227919014636,0.6737490440562213,G,G,C
Homo_sapiens_tRNA-Ser-AGA-1-1,85,UCU,Ser,False,731.923569993765,673.845228478279,772.0657069054541,85.00342321934349,0.0,4.698191373045026,G,T,G
Homo_sapiens_tRNA-Ser-AGA-2-1,85,UCU,Ser,False,721.0974175382072,645.4320028436159,753.2343231025452,84.67428369784534,0.0,3.0025675888028887,G,T,G
Homo_sapiens_tRNA-Ser-CGA-1-1,85,UCG,Ser,False,656.5189080619829,599.2579272292716,690.7178469848601,83.66680666182877,0.1378453496153137,10.180520202317542,G,C,G
Homo_sapiens_tRNA-Ser-CGA-4-1,85,UCG,Ser,False,700.018784727651,629.5516373313557,734.9870893885709,85.91886158204065,0.03523335422417076,5.4750774711899215,G,T,G
Homo_sapiens_tRNA-Ser-GCT-1-1,85,AGC,Ser,False,699.6058008486342,651.2729246711273,745.1941451357927,83.29168774554073,0.0,12.133765104413936,G,A,G
Homo_sapiens_tRNA-Ser-GCT-2-1,85,AGC,Ser,False,716.5751629197209,655.0146468010466,750.1207381245882,84.23733072159877,0.0,7.993174370192502,G,A,G
Homo_sapiens_tRNA-Ser-GCT-5-1,85,AGC,Ser,False,678.7954473451126,617.9691572180409,712.0148356489574,84.20529604503574,0.0,5.879388564068843,G,A,G
Homo_sapiens_tRNA-Ser-TGA-1-1,85,UCA,Ser,False,720.1245529766406,680.1056933536056,742.8368006128381,84.64121007386888,0.0,6.629712254862813,G,C,G
Homo_sapiens_tRNA-Ser-TGA-2-1,85,UCA,Ser,False,655.6693474253981,572.0195728620292,706.7216475091278,85.2612081854521,0.6240449833248182,4.045231713506981,G,T,G
Homo_sapiens_tRNA-Ser-TGA-3-1,85,UCA,Ser,False,685.6663765840043,596.3890910966621,734.589643726651,84.46521598154433,0.0,6.735209175526544,G,T,G
Homo_sapiens_tRNA-Ser-TGA-4-1,85,UCA,Ser,False,662.4298942924961,598.3573760795381,723.4647875296039,90.48144218726874,1.7638850456705883,5.038726826372454,G,T,G
Homo_sapiens_tRNA-Thr-AGT-1-1,77,ACU,Thr,False,875.2373879323236,789.808595860237,922.9833634841505,96.54568802971399,0.0,2.643486023579237,G,G,T
Homo_sapiens_tRNA-Thr-AGT-2-1,77,ACU,Thr,False,753.0402199426773,723.6620829073843,821.3302559672046,89.61148696312416,2.8238040003906035,4.979487814234857,G,G,T
Homo_sapiens_tRNA-Thr-AGT-3-1,77,ACU,Thr,False,862.115780818839,802.370494469906,900.1599750078146,92.2168172361784,1.0788292754843292,4.422070758358327,G,G,T
Homo_sapiens_tRNA-Thr-AGT-4-1,77,ACU,Thr,False,802.0402929043569,714.6847267894221,871.977600133505,90.74845406223136,2.3678940813375253,4.733870506049693,G,G,T
Homo_sapiens_tRNA-Thr-AGT-5-1,77,ACU,Thr,False,842.6667520178146,788.7694254072917,902.3842207773532,94.91543816521595,1.3658907094319062,1.781043405479088,G,G,T
Homo_sapiens_tRNA-Thr-AGT-6-1,77,ACU,Thr,False,869.2698245322707,754.7891794783436,986.0897895159109,92.74082636788408,1.9088135771336685,7.182720477758171,G,G,T
Homo_sapiens_tRNA-Thr-CGT-1-1,77,ACG,Thr,False,895.5899354268895,807.5924792206002,948.9005266339151,93.4238724258535,0.0,3.62094988291234,G,G,T
Homo_sapiens_tRNA-Thr-CGT-2-1,75,ACG,Thr,False,837.4515636303216,770.2187990117914,911.714642460239,94.5670613513847,1.8365508539412607,1.8467336233457365,G,G,T
Homo_sapiens_tRNA-Thr-CGT-3-1,77,ACG,Thr,False,846.2872459487704,740.8522235198624,928.549023681596,93.66891343019873,0.0,6.254592184577395,G,G,T
Homo_sapiens_tRNA-Thr-CGT-4-1,75,ACG,Thr,False,820.6776398156965,756.6217035648401,904.3874307815212,93.57760429963245,2.507842446181314,3.1451602423973544,G,G,T
Homo_sapiens_tRNA-Thr-TGT-1-1,77,ACA,Thr,False,865.9654719015914,804.3884770763414,894.5957005983718,93.29146745244411,0.0,5.148618249908255,G,G,T
Homo_sapiens_tRNA-Thr-TGT-2-1,76,ACA,Thr,False,905.9466498892256,812.571282368664,980.1788180721834,93.55648726499832,0.0,5.411859783213617,G,G,T
Homo_sapiens_tRNA-Thr-TGT-3-1,76,ACA,Thr,False,846.4817493950113,784.7574203080741,902.0547930288858,91.53347229385628,1.439688770262214,5.0207287956036195,G,G,T
Homo_sapiens_tRNA-Thr-TGT-4-1,76,ACA,Thr,False,889.3530731628019,778.2794550827496,971.9975579309229,93.91004339936306,0.0,4.052408176618363,G,G,T
Homo_sapiens_tRNA-Thr-TGT-5-1,76,ACA,Thr,False,882.4384213177824,755.623940357057,999.4437495417814,93.91025996736643,0.5302056885420936,5.475013968990162,G,G,T
Homo_sapiens_tRNA-Trp-CCA-1-1,75,UGG,Trp,False,708.9802715882879,643.7419663816522,761.5076526536714,96.70557932795258,0.8710018403806141,0.42399008128981586,G,G,A
Homo_sapiens_tRNA-Trp-CCA-2-1,75,UGG,Trp,False,686.5573648750845,640.3695958248603,726.3108727469818,96.48897816008194,1.294154754487825,0.3196321405733036,G,A,A
Homo_sapiens_tRNA-Trp-CCA-3-1,75,UGG,Trp,False,700.4080261382629,653.7976845147034,736.3545529440011,96.91397027294578,0.8654569267291937,0.4009062481994872,G,A,A
Homo_sapiens_tRNA-Trp-CCA-4-1,75,UGG,Trp,False,724.2579618823213,689.1785712759608,735.3863569990028,97.62974115920413,0.07672133951795367,0.31452732065548716,G,A,A
Homo_sapiens_tRNA-Tyr-GTA-1-1,76,UAC,Tyr,False,681.5488149701868,639.4181075149074,726.247627938484,93.71865324349993,0.0,9.268142604329924,C,C,A
Homo_sapiens_tRNA-Tyr-GTA-8-1,76,UAC,Tyr,False,673.0336441117325,635.0529073414762,711.697020639481,93.46167054645112,0.0,7.3599594378203825,C,T,A
Homo_sapiens_tRNA-Val-AAC-1-1,76,GUU,Val,False,2007.2288600982574,1849.0436512682986,2198.118063499886,92.84890871006014,3.5,2.5225218782292855,G,T,A
Homo_sapiens_tRNA-Val-AAC-2-1,76,GUU,Val,False,2029.7425120767984,1891.3120189643835,2204.3083495800547,93.00362169946516,3.5,1.4867126259196872,G,T,A
Homo_sapiens_tRNA-Val-AAC-3-1,76,GUU,Val,False,2578.799715047743,2393.4532207474194,2823.7662795379415,98.16398521951366,0.5976542949682698,0.480246389216504,G,T,A
Homo_sapiens_tRNA-Val-CAC-1-1,76,GUG,Val,False,2083.0727282100015,1955.7714359877561,2222.536442682707,93.26177941654134,3.5,1.135813930766978,G,T,A
Homo_sapiens_tRNA-Val-CAC-2-1,76,GUG,Val,False,2097.5453166433017,1971.5152127844165,2245.2553498644997,91.569296094323,3.5,1.5617814775487606,G,C,A
Homo_sapiens_tRNA-Val-CAC-3-1,76,GUG,Val,False,2280.042007194798,2164.5458682149656,2465.417185215928,93.55686238365551,3.5,0.20442779561908503,G,T,A
Homo_sapiens_tRNA-Val-CAC-4-1,76,GUG,Val,False,2404.844727180074,2291.772873576519,2608.8958386702525,93.78902902868045,3.5,1.2624721500768248,G,T,A
Homo_sapiens_tRNA-Val-TAC-1-1,76,GUA,Val,False,2252.049831369462,2190.658383800022,2459.513601213666,93.24712224355059,3.5,0.19332343722302342,G,G,A
Homo_sapiens_tRNA-Val-TAC-2-1,76,GUA,Val,False,2358.5383696724853,2156.9945086960997,2590.6416785841925,93.46046333769819,3.5,0.7757627336054651,G,G,A
Homo_sapiens_tRNA-Val-TAC-3-1,76,GUA,Val,False,2491.545759768912,2234.033864016683,2856.2833891963983,93.29801025260296,3.5,1.3986111542564834,G,G,A
Homo_sapiens_tRNA-Val-TAC-4-1,76,GUA,Val,False,2415.801944660483,2184.8435797979514,2498.3088025963884,98.20015897849046,0.0,0.9171470640476683,G,T,A
Homo_sapiens_tRNA-iMet-CAT-1-1,75,AUG,iMet,False,409.269074285247,398.67270132711064,422.74955011259146,97.21358446146562,0.45986203246546653,0.4115702282037588,A,G,A
