sample_name_unique,Mapping_percent,percent_single_annotation,unique_anno,frac_max_score,min_mut_freq,iteration
0m_1,99.31791304129854,69.9070844082445,,,,
8m_1,98.87638266613243,69.61757800220056,,,,
32m_1,99.36512259871465,70.10617338496982,,,,
1h_1,99.16904865094324,69.84457963963803,,,,
4h_1,98.73750730419715,68.31088759615274,,,,
8h_1,99.31371326530852,70.05706064252843,,,,
16h_1,99.09182187698755,69.85927209855949,,,,
40h_1,98.82545085734822,69.89637183807659,,,,
40h_NoOx_1,98.84548609663393,69.87044453124406,,,,
0m_1,99.26357168627402,72.47776173421946,True,0.9,0.4,1
8m_1,98.81142315958184,72.17034631316501,True,0.9,0.4,1
32m_1,99.31297771478182,72.73749992106116,True,0.9,0.4,1
1h_1,99.11541428733021,72.4587708646161,True,0.9,0.4,1
4h_1,98.67655503838482,70.82974392352801,True,0.9,0.4,1
8h_1,99.28571596622443,72.69661101961667,True,0.9,0.4,1
16h_1,99.06793094876042,72.31115340411618,True,0.9,0.4,1
40h_1,98.81702316453085,72.41120714754156,True,0.9,0.4,1
40h_NoOx_1,98.79295133613407,72.41264050657912,True,0.9,0.4,1
0m_1,99.26357168627402,72.48380437360828,True,0.9,0.4,2
8m_1,98.81166599885866,72.18319421285004,True,0.9,0.4,2
32m_1,99.31315690682283,72.74512722663528,True,0.9,0.4,2
1h_1,99.11579557427534,72.46567297384632,True,0.9,0.4,2
4h_1,98.67655503838482,70.84276151642194,True,0.9,0.4,2
8h_1,99.28587281383835,72.70368407375257,True,0.9,0.4,2
16h_1,99.06803856555423,72.31889615376677,True,0.9,0.4,2
40h_1,98.81702316453085,72.42336283047038,True,0.9,0.4,2
40h_NoOx_1,98.79295133613407,72.42411990570011,True,0.9,0.4,2
0m_1,99.26357168627402,72.48380437360828,True,0.9,0.4,3
8m_1,98.81166599885866,72.18319421285004,True,0.9,0.4,3
32m_1,99.31315690682283,72.74512722663528,True,0.9,0.4,3
1h_1,99.11579557427534,72.46567297384632,True,0.9,0.4,3
4h_1,98.67655503838482,70.84276151642194,True,0.9,0.4,3
8h_1,99.28587281383835,72.70368407375257,True,0.9,0.4,3
16h_1,99.06803856555423,72.31889615376677,True,0.9,0.4,3
40h_1,98.81702316453085,72.42336283047038,True,0.9,0.4,3
40h_NoOx_1,98.79295133613407,72.42411990570011,True,0.9,0.4,3
0m_1,99.26375073521973,72.62923784417053,True,0.9,0.6,1
8m_1,98.81166599885866,72.36321321007664,True,0.9,0.6,1
32m_1,99.31315690682283,72.88378869687989,True,0.9,0.6,1
1h_1,99.11604976557207,72.61833625268319,True,0.9,0.6,1
4h_1,98.67630316951782,71.0620723805537,True,0.9,0.6,1
8h_1,99.28618650906618,72.85811214821871,True,0.9,0.6,1
16h_1,99.06814618234804,72.4678566617856,True,0.9,0.6,1
40h_1,98.81712003456323,72.62366434663268,True,0.9,0.6,1
40h_NoOx_1,98.79311811315154,72.52604595297,True,0.9,0.6,1
0m_1,99.26375073521973,72.63600198053913,True,0.9,0.6,2
8m_1,98.81190883813548,72.3760606041988,True,0.9,0.6,2
32m_1,99.31333609886383,72.89168637123497,True,0.9,0.6,2
1h_1,99.1164310525172,72.62549416110902,True,0.9,0.6,2
4h_1,98.67630316951782,71.07560050181672,True,0.9,0.6,2
8h_1,99.28634335668009,72.8651849137022,True,0.9,0.6,2
16h_1,99.06825379914186,72.47570785332921,True,0.9,0.6,2
40h_1,98.81712003456323,72.63542789922556,True,0.9,0.6,2
40h_NoOx_1,98.79311811315154,72.53803177593602,True,0.9,0.6,2
0m_1,99.26375073521973,72.63600198053913,True,0.9,0.6,3
8m_1,98.81190883813548,72.3760606041988,True,0.9,0.6,3
32m_1,99.31333609886383,72.89168637123497,True,0.9,0.6,3
1h_1,99.1164310525172,72.62549416110902,True,0.9,0.6,3
4h_1,98.67630316951782,71.07560050181672,True,0.9,0.6,3
8h_1,99.28634335668009,72.8651849137022,True,0.9,0.6,3
16h_1,99.06825379914186,72.47570785332921,True,0.9,0.6,3
40h_1,98.81712003456323,72.63542789922556,True,0.9,0.6,3
40h_NoOx_1,98.79311811315154,72.53803177593602,True,0.9,0.6,3
0m_1,99.262945014964,71.76500297624416,True,0.9,0.7,1
8m_1,98.80850908825994,71.64149392278229,True,0.9,0.7,1
32m_1,99.3127089267203,72.019667102711,True,0.9,0.7,1
1h_1,99.11566847862696,71.86898522922968,True,0.9,0.7,1
4h_1,98.67655503838482,70.53710333033419,True,0.9,0.7,1
8h_1,99.2859512376453,72.02993954272372,True,0.9,0.7,1
16h_1,99.06685478082225,71.68481519783782,True,0.9,0.7,1
40h_1,98.81624820427177,71.84006132786192,True,0.9,0.7,1
40h_NoOx_1,98.79178389701185,71.86796509208529,True,0.9,0.7,1
0m_1,99.262945014964,71.9770378253576,True,0.9,0.7,2
8m_1,98.80875192753676,71.87418205679921,True,0.9,0.7,2
32m_1,99.31288811876132,72.25445937216948,True,0.9,0.7,2
1h_1,99.11604976557207,72.08810879985228,True,0.9,0.7,2
4h_1,98.67655503838482,70.75967864412837,True,0.9,0.7,2
8h_1,99.28610808525923,72.22587320895404,True,0.9,0.7,2
16h_1,99.06696239761608,71.8815755312296,True,0.9,0.7,2
40h_1,98.81624820427177,72.07788324767104,True,0.9,0.7,2
40h_NoOx_1,98.79178389701185,72.08962140325495,True,0.9,0.7,2
0m_1,99.262945014964,71.97965331264993,True,0.9,0.7,3
8m_1,98.80875192753676,71.87614819256825,True,0.9,0.7,3
32m_1,99.31288811876132,72.25689520159646,True,0.9,0.7,3
1h_1,99.11604976557207,72.09169921549417,True,0.9,0.7,3
4h_1,98.67655503838482,70.76197586640376,True,0.9,0.7,3
8h_1,99.28610808525923,72.2279268889907,True,0.9,0.7,3
16h_1,99.06696239761608,71.88342224727963,True,0.9,0.7,3
40h_1,98.81624820427177,72.08023597894697,True,0.9,0.7,3
40h_NoOx_1,98.79178389701185,72.0922380619169,True,0.9,0.7,3
0m_1,99.26169167234401,72.42276548884075,True,0.9,0.75,1
8m_1,98.8062021151301,72.12574254262324,True,0.9,0.75,1
32m_1,99.31163377447427,72.65431174319177,True,0.9,0.75,1
1h_1,99.11401623519812,72.41516827853991,True,0.9,0.75,1
4h_1,98.67416228414838,70.86541014069552,True,0.9,0.75,1
8h_1,99.28508857576877,72.67692832662063,True,0.9,0.75,1
16h_1,99.06491767853358,72.29455946222518,True,0.9,0.75,1
40h_1,98.81450454368887,72.39805386477242,True,0.9,0.75,1
40h_NoOx_1,98.78978257280234,72.36203809763373,True,0.9,0.75,1
0m_1,99.26178119681687,72.63861568751595,True,0.9,0.75,2
8m_1,98.80644495440693,72.36285882815572,True,0.9,0.75,2
32m_1,99.31181296651528,72.89316516906644,True,0.9,0.75,2
1h_1,99.11439752214324,72.63762741379333,True,0.9,0.75,2
4h_1,98.67416228414838,71.08990525004594,True,0.9,0.75,2
8h_1,99.28524542338269,72.87578524323287,True,0.9,0.75,2
16h_1,99.06502529532739,72.49501648497883,True,0.9,0.75,2
40h_1,98.81450454368887,72.6403894623228,True,0.9,0.75,2
40h_NoOx_1,98.78978257280234,72.58597797066413,True,0.9,0.75,2
0m_1,99.26178119681687,72.6347375057158,True,0.9,0.75,3
8m_1,98.80644495440693,72.36015532835233,True,0.9,0.75,3
32m_1,99.31181296651528,72.8901880119808,True,0.9,0.75,3
1h_1,99.11452461779162,72.63561080321398,True,0.9,0.75,3
4h_1,98.67416228414838,71.08671458618366,True,0.9,0.75,3
8h_1,99.28532384718964,72.87493779669987,True,0.9,0.75,3
16h_1,99.06502529532739,72.4930611003384,True,0.9,0.75,3
40h_1,98.81450454368887,72.63715439973414,True,0.9,0.75,3
40h_NoOx_1,98.78986596131107,72.58296235145954,True,0.9,0.75,3
0m_1,99.26151262339829,73.75519046433686,True,0.9,0.8,1
8m_1,98.80668779368375,73.28063979394467,True,0.9,0.8,1
32m_1,99.31172337049478,73.90591633820175,True,0.9,0.8,1
1h_1,99.11427042649487,73.58394029544522,True,0.9,0.8,1
4h_1,98.67403634971488,72.01363053341586,True,0.9,0.8,1
8h_1,99.2850101519618,74.06955417272904,True,0.9,0.8,1
16h_1,99.06405674418303,73.65245522668562,True,0.9,0.8,1
40h_1,98.81450454368887,73.73295832749224,True,0.9,0.8,1
40h_NoOx_1,98.78928224174996,73.45070892142819,True,0.9,0.8,1
0m_1,99.26160214787116,73.9729338498239,True,0.9,0.8,2
8m_1,98.80693063296057,73.52033267630418,True,0.9,0.8,2
32m_1,99.31190256253578,74.14566945827518,True,0.9,0.8,2
1h_1,99.11465171343998,73.80818959713686,True,0.9,0.8,2
4h_1,98.67403634971488,72.24004033004269,True,0.9,0.8,2
8h_1,99.28516699957572,74.2695148845821,True,0.9,0.8,2
16h_1,99.06416436097686,73.85410748408249,True,0.9,0.8,2
40h_1,98.81450454368887,73.97676440803747,True,0.9,0.8,2
40h_NoOx_1,98.78928224174996,73.67616931729647,True,0.9,0.8,2
0m_1,99.26160214787116,73.96905566102826,True,0.9,0.8,3
8m_1,98.80693063296057,73.51762918978967,True,0.9,0.8,3
32m_1,99.31190256253578,74.14269230387544,True,0.9,0.8,3
1h_1,99.11477880908835,73.80617149070841,True,0.9,0.8,3
4h_1,98.67403634971488,72.23684966210827,True,0.9,0.8,3
8h_1,99.28524542338269,74.26866633649524,True,0.9,0.8,3
16h_1,99.06416436097686,73.85215208244843,True,0.9,0.8,3
40h_1,98.81450454368887,73.97352934544881,True,0.9,0.8,3
40h_NoOx_1,98.78936563025869,73.6731527625839,True,0.9,0.8,3
0m_1,99.25739449764684,73.57840316473622,True,0.9,0.83,1
8m_1,98.80304520453139,73.04984933614506,True,0.9,0.83,1
32m_1,99.30885629783867,73.70162765121476,True,0.9,0.83,1
1h_1,99.10944079185673,73.3809351604638,True,0.9,0.83,1
4h_1,98.6659765459711,71.80597622630576,True,0.9,0.83,1
8h_1,99.28179477587652,73.8644433297919,True,0.9,0.83,1
16h_1,99.0603977731933,73.45202348309383,True,0.9,0.83,1
40h_1,98.81082348245829,73.48845872935732,True,0.9,0.83,1
40h_NoOx_1,98.78569653587456,73.36710437903707,True,0.9,0.83,1
0m_1,99.25739449764684,73.58724220225521,True,0.9,0.83,2
8m_1,98.80328804380821,73.06527685951428,True,0.9,0.83,2
32m_1,99.30903548987968,73.71168945759192,True,0.9,0.83,2
1h_1,99.10982207880184,73.3880906123967,True,0.9,0.83,2
4h_1,98.6659765459711,71.82129268345605,True,0.9,0.83,2
8h_1,99.28195162349044,73.87143582731619,True,0.9,0.83,2
16h_1,99.06050538998711,73.46117786881595,True,0.9,0.83,2
40h_1,98.81082348245829,73.50198767689344,True,0.9,0.83,2
40h_NoOx_1,98.78569653587456,73.37968199729201,True,0.9,0.83,2
0m_1,99.25739449764684,73.5833638490581,True,0.9,0.83,3
8m_1,98.80328804380821,73.0625732733301,True,0.9,0.83,3
32m_1,99.30903548987968,73.7087122172411,True,0.9,0.83,3
1h_1,99.10994917445022,73.3860729463482,True,0.9,0.83,3
4h_1,98.6659765459711,71.81810175488309,True,0.9,0.83,3
8h_1,99.2820300472974,73.8705875661944,True,0.9,0.83,3
16h_1,99.06050538998711,73.45922239495575,True,0.9,0.83,3
40h_1,98.81082348245829,73.49875249378698,True,0.9,0.83,3
40h_NoOx_1,98.7857799243833,73.37666558336042,True,0.9,0.83,3
0m_1,99.24566679170252,73.89704191010719,True,0.9,0.86,1
8m_1,98.77487584841973,73.43736939151813,True,0.9,0.86,1
32m_1,99.29532729874269,74.02802240637541,True,0.9,0.86,1
1h_1,99.09266416627162,73.72593533161466,True,0.9,0.86,1
4h_1,98.62479598621773,72.18340432921659,True,0.9,0.86,1
8h_1,99.26767849062405,74.09868184565309,True,0.9,0.86,1
16h_1,99.04178006786314,73.78409008180859,True,0.9,0.86,1
40h_1,98.78098751248413,73.88663828652179,True,0.9,0.86,1
40h_NoOx_1,98.76484940869207,73.66315601058432,True,0.9,0.86,1
0m_1,99.2467410853768,73.4080582789629,True,0.9,0.86,2
8m_1,98.7765757233575,72.93297964140753,True,0.9,0.86,2
32m_1,99.29685043109126,73.52024275607184,True,0.9,0.86,2
1h_1,99.09444350534882,73.2338998876468,True,0.9,0.86,2
4h_1,98.6295814946906,71.68525323615711,True,0.9,0.86,2
8h_1,99.26861957630754,73.62799880233561,True,0.9,0.86,2
16h_1,99.04328670297657,73.31031268030159,True,0.9,0.86,2
40h_1,98.78457170368232,73.39011771351018,True,0.9,0.86,2
40h_NoOx_1,98.76735106395398,73.17421801652111,True,0.9,0.86,2
0m_1,99.24620393853965,73.90340729194574,True,0.9,0.86,3
8m_1,98.77524010733497,73.44607211036714,True,0.9,0.86,3
32m_1,99.29577527884521,74.03571902286555,True,0.9,0.86,3
1h_1,99.09329964451346,73.73007984095938,True,0.9,0.86,3
4h_1,98.6263071994197,72.18676738734045,True,0.9,0.86,3
8h_1,99.267756914431,74.10367945292491,True,0.9,0.86,3
16h_1,99.04231815183223,73.7898826934862,True,0.9,0.86,3
40h_1,98.78147186264604,73.89186570589135,True,0.9,0.86,3
40h_NoOx_1,98.76534973974447,73.66903073286052,True,0.9,0.86,3
0m_1,99.22006279246526,72.64966827603692,True,0.9,0.89,1
8m_1,98.73043626076081,72.1862571236721,True,0.9,0.89,1
32m_1,99.26853808861226,72.87773803495983,True,0.9,0.89,1
1h_1,99.06762632354231,72.55709947618455,True,0.9,0.89,1
4h_1,98.56611054020834,70.8204395677405,True,0.9,0.89,1
8h_1,99.24117124387216,72.90246055346451,True,0.9,0.89,1
16h_1,99.0042218068214,72.51692989988804,True,0.9,0.89,1
40h_1,98.73303684645421,72.52705958996577,True,0.9,0.89,1
40h_NoOx_1,98.73291160984851,72.43336421705541,True,0.9,0.89,1
0m_1,99.22006279246526,72.48292656958714,True,0.9,0.89,2
8m_1,98.73019342148399,72.02520623957734,True,0.9,0.89,2
32m_1,99.26853808861226,72.70552918569945,True,0.9,0.89,2
1h_1,99.06762632354231,72.38724112316912,True,0.9,0.89,2
4h_1,98.56585867134136,70.65669574638804,True,0.9,0.89,2
8h_1,99.24085754864433,72.72836469125832,True,0.9,0.89,2
16h_1,99.0042218068214,72.32377142732915,True,0.9,0.89,2
40h_1,98.73293997642183,72.36504776640427,True,0.9,0.89,2
40h_NoOx_1,98.73282822133979,72.27396728068175,True,0.9,0.89,2
0m_1,99.22006279246526,72.64966827603692,True,0.9,0.89,3
8m_1,98.73043626076081,72.1862571236721,True,0.9,0.89,3
32m_1,99.26853808861226,72.87773803495983,True,0.9,0.89,3
1h_1,99.06762632354231,72.55709947618455,True,0.9,0.89,3
4h_1,98.56611054020834,70.8204395677405,True,0.9,0.89,3
8h_1,99.24117124387216,72.90246055346451,True,0.9,0.89,3
16h_1,99.0042218068214,72.51692989988804,True,0.9,0.89,3
40h_1,98.73303684645421,72.52705958996577,True,0.9,0.89,3
40h_NoOx_1,98.73291160984851,72.43336421705541,True,0.9,0.89,3
0m_1,99.21522847093097,71.64900965218042,True,0.9,0.95,1
8m_1,98.7233939217329,71.11512330950612,True,0.9,0.95,1
32m_1,99.26325192340258,71.81455332530612,True,0.9,0.95,1
1h_1,99.06012768028836,71.49897230483415,True,0.9,0.95,1
4h_1,98.55779886759758,69.78988310938243,True,0.9,0.95,1
8h_1,99.23497576312246,71.88493782046014,True,0.9,0.95,1
16h_1,98.99711909842955,71.60149319929036,True,0.9,0.95,1
40h_1,98.72470602366923,71.60033989241973,True,0.9,0.95,1
40h_NoOx_1,98.72807507634218,71.3315477894815,True,0.9,0.95,1
0m_1,99.21522847093097,71.64900965218042,True,0.9,0.95,2
8m_1,98.7233939217329,71.11512330950612,True,0.9,0.95,2
32m_1,99.26325192340258,71.81455332530612,True,0.9,0.95,2
1h_1,99.06012768028836,71.49897230483415,True,0.9,0.95,2
4h_1,98.55779886759758,69.78988310938243,True,0.9,0.95,2
8h_1,99.23497576312246,71.88493782046014,True,0.9,0.95,2
16h_1,98.99711909842955,71.60149319929036,True,0.9,0.95,2
40h_1,98.72470602366923,71.60033989241973,True,0.9,0.95,2
40h_NoOx_1,98.72807507634218,71.3315477894815,True,0.9,0.95,2
0m_1,99.21522847093097,71.64900965218042,True,0.9,0.95,3
8m_1,98.7233939217329,71.11512330950612,True,0.9,0.95,3
32m_1,99.26325192340258,71.81455332530612,True,0.9,0.95,3
1h_1,99.06012768028836,71.49897230483415,True,0.9,0.95,3
4h_1,98.55779886759758,69.78988310938243,True,0.9,0.95,3
8h_1,99.23497576312246,71.88493782046014,True,0.9,0.95,3
16h_1,98.99711909842955,71.60149319929036,True,0.9,0.95,3
40h_1,98.72470602366923,71.60033989241973,True,0.9,0.95,3
40h_NoOx_1,98.72807507634218,71.3315477894815,True,0.9,0.95,3
0m_1,99.26366121074687,73.94749943181203,True,0.95,0.4,1
8m_1,98.81166599885866,73.52983461599429,True,0.95,0.4,1
32m_1,99.31387367498685,74.16422559886979,True,0.95,0.4,1
1h_1,99.11655814816557,73.79163899068804,True,0.95,0.4,1
4h_1,98.6770587761188,72.01818880263005,True,0.95,0.4,1
8h_1,99.2859512376453,74.09815658229188,True,0.95,0.4,1
16h_1,99.06836141593568,73.73843917763637,True,0.95,0.4,1
40h_1,98.81760438472514,73.77171957788659,True,0.95,0.4,1
40h_NoOx_1,98.79295133613407,74.19836232866363,True,0.95,0.4,1
0m_1,99.26366121074687,72.67304480207217,True,0.95,0.4,2
8m_1,98.81166599885866,72.35596329824294,True,0.95,0.4,2
32m_1,99.31387367498685,72.89715579139764,True,0.95,0.4,2
1h_1,99.11655814816557,72.6579710665275,True,0.95,0.4,2
4h_1,98.6770587761188,70.99886543323477,True,0.95,0.4,2
8h_1,99.2859512376453,72.88150721395746,True,0.95,0.4,2
16h_1,99.06836141593568,72.51451824203805,True,0.95,0.4,2
40h_1,98.81760438472514,72.56302047338264,True,0.95,0.4,2
40h_NoOx_1,98.79295133613407,72.74740004271013,True,0.95,0.4,2
0m_1,99.26366121074687,74.50179836001111,True,0.95,0.4,3
8m_1,98.81166599885866,74.04138347978565,True,0.95,0.4,3
32m_1,99.31387367498685,74.71291328623508,True,0.95,0.4,3
1h_1,99.11655814816557,74.304296423195,True,0.95,0.4,3
4h_1,98.6771847105523,72.49298075450508,True,0.95,0.4,3
8h_1,99.2859512376453,74.71394561530721,True,0.95,0.4,3
16h_1,99.06836141593568,74.37163658010398,True,0.95,0.4,3
40h_1,98.81760438472514,74.35430666451003,True,0.95,0.4,3
40h_NoOx_1,98.79295133613407,74.53700460273261,True,0.95,0.4,3
0m_1,99.26401930863831,74.23502334071674,True,0.95,0.6,1
8m_1,98.8121516774123,73.92686472345409,True,0.95,0.6,1
32m_1,99.31414246304836,74.45902716005723,True,0.95,0.6,1
1h_1,99.11706653075906,74.11439459801862,True,0.95,0.6,1
4h_1,98.6773106449858,72.49773789149792,True,0.95,0.6,1
8h_1,99.28626493287315,74.39736434279973,True,0.95,0.6,1
16h_1,99.06857664952331,74.0456978734868,True,0.95,0.6,1
40h_1,98.81779812478992,74.16447490312291,True,0.95,0.6,1
40h_NoOx_1,98.79320150166026,74.57116956211267,True,0.95,0.6,1
0m_1,99.26401930863831,72.95651483776939,True,0.95,0.6,2
8m_1,98.8121516774123,72.75041871107031,True,0.95,0.6,2
32m_1,99.31414246304836,73.18735982880847,True,0.95,0.6,2
1h_1,99.11706653075906,72.97791147664587,True,0.95,0.6,2
4h_1,98.6773106449858,71.47509893932954,True,0.95,0.6,2
8h_1,99.28626493287315,73.1766904524566,True,0.95,0.6,2
16h_1,99.06857664952331,72.81928113947042,True,0.95,0.6,2
40h_1,98.81779812478992,72.9524451846718,True,0.95,0.6,2
40h_NoOx_1,98.79320150166026,73.1165814435983,True,0.95,0.6,2
0m_1,99.26401930863831,74.78526179842567,True,0.95,0.6,3
8m_1,98.8121516774123,74.43570772922818,True,0.95,0.6,3
32m_1,99.31414246304836,75.00311240940182,True,0.95,0.6,3
1h_1,99.11706653075906,74.62422838912525,True,0.95,0.6,3
4h_1,98.6774365794193,72.96920983917035,True,0.95,0.6,3
8h_1,99.28626493287315,75.00912306421216,True,0.95,0.6,3
16h_1,99.06857664952331,74.67639544281357,True,0.95,0.6,3
40h_1,98.81779812478992,74.74372786384174,True,0.95,0.6,3
40h_NoOx_1,98.79320150166026,74.9061814719591,True,0.95,0.6,3
0m_1,99.26330311285545,75.06006580181533,True,0.95,0.7,1
8m_1,98.80972328464406,74.70357722598175,True,0.95,0.7,1
32m_1,99.31333609886383,75.22068966139418,True,0.95,0.7,1
1h_1,99.11681233946231,74.89510937860642,True,0.95,0.7,1
4h_1,98.6770587761188,73.44092786886502,True,0.95,0.7,1
8h_1,99.28618650906618,75.29345879728693,True,0.95,0.7,1
16h_1,99.0670700144099,74.9366142561979,True,0.95,0.7,1
40h_1,98.81634507430415,75.07224838543974,True,0.95,0.7,1
40h_NoOx_1,98.79186728552058,75.31632000189074,True,0.95,0.7,1
0m_1,99.26330311285545,73.7717174851008,True,0.95,0.7,2
8m_1,98.80972328464406,73.53742441203902,True,0.95,0.7,2
32m_1,99.31333609886383,73.95514665882394,True,0.95,0.7,2
1h_1,99.11681233946231,73.75682814864206,True,0.95,0.7,2
4h_1,98.6770587761188,72.41905204330497,True,0.95,0.7,2
8h_1,99.28618650906618,74.09332072690738,True,0.95,0.7,2
16h_1,99.0670700144099,73.72245408742997,True,0.95,0.7,2
40h_1,98.81634507430415,73.86392599883148,True,0.95,0.7,2
40h_NoOx_1,98.79186728552058,73.87901593459372,True,0.95,0.7,2
0m_1,99.26330311285545,75.73720400005772,True,0.95,0.7,3
8m_1,98.80972328464406,75.35227276916441,True,0.95,0.7,3
32m_1,99.31333609886383,75.90813175432154,True,0.95,0.7,3
1h_1,99.11681233946231,75.5322750237222,True,0.95,0.7,3
4h_1,98.6771847105523,74.0349175557711,True,0.95,0.7,3
8h_1,99.28618650906618,76.03065036046006,True,0.95,0.7,3
16h_1,99.0670700144099,75.6842075532777,True,0.95,0.7,3
40h_1,98.81634507430415,75.77542025621219,True,0.95,0.7,3
40h_NoOx_1,98.79186728552058,75.79001922820451,True,0.95,0.7,3
0m_1,99.26213929470829,75.50991142445103,True,0.95,0.75,1
8m_1,98.80729489187581,74.9674046748025,True,0.95,0.75,1
32m_1,99.3122609466178,75.63830411071366,True,0.95,0.75,1
1h_1,99.11516009603348,75.22308863148797,True,0.95,0.75,1
4h_1,98.67466602188236,73.52872859075478,True,0.95,0.75,1
8h_1,99.28516699957572,75.73356566467194,True,0.95,0.75,1
16h_1,99.06491767853358,75.35408795329667,True,0.95,0.75,1
40h_1,98.81450454368887,75.41489677699536,True,0.95,0.75,1
40h_NoOx_1,98.78978257280234,75.58700861742241,True,0.95,0.75,1
0m_1,99.26213929470829,74.3579152052137,True,0.95,0.75,2
8m_1,98.80729489187581,73.93037564806633,True,0.95,0.75,2
32m_1,99.3122609466178,74.51050796385928,True,0.95,0.75,2
1h_1,99.11516009603348,74.21430101032638,True,0.95,0.75,2
4h_1,98.67466602188236,72.62858309722542,True,0.95,0.75,2
8h_1,99.28516699957572,74.63815394531473,True,0.95,0.75,2
16h_1,99.06491767853358,74.24494912735435,True,0.95,0.75,2
40h_1,98.81450454368887,74.32713148960907,True,0.95,0.75,2
40h_NoOx_1,98.78978257280234,74.270465006546,True,0.95,0.75,2
0m_1,99.26213929470829,76.18678699208402,True,0.95,0.75,3
8m_1,98.80729489187581,75.61574750512125,True,0.95,0.75,3
32m_1,99.3122609466178,76.32629494471985,True,0.95,0.75,3
1h_1,99.11516009603348,75.86064958895784,True,0.95,0.75,3
4h_1,98.67479195631587,74.12273256919549,True,0.95,0.75,3
8h_1,99.28516699957572,76.47060682080998,True,0.95,0.75,3
16h_1,99.06491767853358,76.10202339077101,True,0.95,0.75,3
40h_1,98.81450454368887,76.11847387392862,True,0.95,0.75,3
40h_NoOx_1,98.78978257280234,76.060211379657,True,0.95,0.75,3
0m_1,99.26178119681687,76.67264628186084,True,0.95,0.8,1
8m_1,98.8071734722374,76.09841158269084,True,0.95,0.8,1
32m_1,99.3123505426383,76.77144398554373,True,0.95,0.8,1
1h_1,99.1150330003851,76.3023725197026,True,0.95,0.8,1
4h_1,98.67441415301538,74.65700451031091,True,0.95,0.8,1
8h_1,99.28485330434789,76.90623410352575,True,0.95,0.8,1
16h_1,99.06362627700777,76.45868322538733,True,0.95,0.8,1
40h_1,98.81440767365649,76.54351849673357,True,0.95,0.8,1
40h_NoOx_1,98.78919885324122,76.69762283001572,True,0.95,0.8,1
0m_1,99.26178119681687,74.41734827966562,True,0.95,0.8,2
8m_1,98.8071734722374,74.01796093717358,True,0.95,0.8,2
32m_1,99.3123505426383,74.5642097134186,True,0.95,0.8,2
1h_1,99.1150330003851,74.27953724196828,True,0.95,0.8,2
4h_1,98.67428821858188,72.74244866547463,True,0.95,0.8,2
8h_1,99.28485330434789,74.68159658263323,True,0.95,0.8,2
16h_1,99.06362627700777,74.30132033780833,True,0.95,0.8,2
40h_1,98.81440767365649,74.39690531648746,True,0.95,0.8,2
40h_NoOx_1,98.78919885324122,74.3801311064704,True,0.95,0.8,2
0m_1,99.26178119681687,76.24821085043115,True,0.95,0.8,3
8m_1,98.8071734722374,75.70628411607268,True,0.95,0.8,3
32m_1,99.3123505426383,76.38188960039551,True,0.95,0.8,3
1h_1,99.1150330003851,75.92832431018432,True,0.95,0.8,3
4h_1,98.67441415301538,74.23839048010436,True,0.95,0.8,3
8h_1,99.28485330434789,76.51595097645821,True,0.95,0.8,3
16h_1,99.06362627700777,76.16026558843787,True,0.95,0.8,3
40h_1,98.81440767365649,76.19030813511203,True,0.95,0.8,3
40h_NoOx_1,98.78919885324122,76.17157626577844,True,0.95,0.8,3
0m_1,99.2568573508097,76.50174256254104,True,0.95,0.83,1
8m_1,98.80085965103996,75.8769051534077,True,0.95,0.83,1
32m_1,99.30840831773617,76.57357168247621,True,0.95,0.83,1
1h_1,99.10905950491161,76.10781752733718,True,0.95,0.83,1
4h_1,98.66421346390214,74.4555221282087,True,0.95,0.83,1
8h_1,99.28038314735127,76.70644979608151,True,0.95,0.83,1
16h_1,99.05942922204896,76.26669911340025,True,0.95,0.83,1
40h_1,98.80917669190777,76.30600636459357,True,0.95,0.83,1
40h_NoOx_1,98.78477926227855,76.62162036681403,True,0.95,0.83,1
0m_1,99.2568573508097,74.12195412334312,True,0.95,0.83,2
8m_1,98.80085965103996,73.65769791351752,True,0.95,0.83,2
32m_1,99.30840831773617,74.2241533306508,True,0.95,0.83,2
1h_1,99.10905950491161,73.95893044233193,True,0.95,0.83,2
4h_1,98.66408752946866,72.42078687252379,True,0.95,0.83,2
8h_1,99.28038314735127,74.35848420194526,True,0.95,0.83,2
16h_1,99.05942922204896,73.9934360547669,True,0.95,0.83,2
40h_1,98.80917669190777,74.03702679756631,True,0.95,0.83,2
40h_NoOx_1,98.78477926227855,74.16778023235888,True,0.95,0.83,2
0m_1,99.2568573508097,75.95272712841567,True,0.95,0.83,3
8m_1,98.80085965103996,75.34625187719519,True,0.95,0.83,3
32m_1,99.30840831773617,76.04190537368211,True,0.95,0.83,3
1h_1,99.10905950491161,75.6078168861463,True,0.95,0.83,3
4h_1,98.66421346390214,73.916500841782,True,0.95,0.83,3
8h_1,99.28038314735127,76.19315816538924,True,0.95,0.83,3
16h_1,99.05942922204896,75.85224278992659,True,0.95,0.83,3
40h_1,98.80917669190777,75.8303284843993,True,0.95,0.83,3
40h_NoOx_1,98.78477926227855,75.95930554019684,True,0.95,0.83,3
0m_1,99.2425334351525,76.76789180841314,True,0.95,0.86,1
8m_1,98.77038332179848,76.16019413298454,True,0.95,0.86,1
32m_1,99.2926394181276,76.90822990978374,True,0.95,0.86,1
1h_1,99.08935967941393,76.44104232188025,True,0.95,0.86,1
4h_1,98.62064014991235,74.62799015720631,True,0.95,0.86,1
8h_1,99.26516892880139,76.9934576493202,True,0.95,0.86,1
16h_1,99.03715254572907,76.65667690997049,True,0.95,0.86,1
40h_1,98.77604714083256,76.60609840772952,True,0.95,0.86,1
40h_NoOx_1,98.76226436492146,76.63334636424813,True,0.95,0.86,1
0m_1,99.2425334351525,73.41089998484509,True,0.95,0.86,2
8m_1,98.77038332179848,73.01389245730905,True,0.95,0.86,2
32m_1,99.2926394181276,73.57578688823399,True,0.95,0.86,2
1h_1,99.08935967941393,73.28716696338329,True,0.95,0.86,2
4h_1,98.62051421547885,71.69835655271928,True,0.95,0.86,2
8h_1,99.26516892880139,73.68712537122173,True,0.95,0.86,2
16h_1,99.03715254572907,73.39309076842164,True,0.95,0.86,2
40h_1,98.77604714083256,73.45647048670362,True,0.95,0.86,2
40h_NoOx_1,98.76226436492146,73.33148705253373,True,0.95,0.86,2
0m_1,99.2425334351525,75.24193722982774,True,0.95,0.86,3
8m_1,98.77038332179848,74.70296743674882,True,0.95,0.86,3
32m_1,99.2926394181276,75.39382761277935,True,0.95,0.86,3
1h_1,99.08935967941393,74.93650948381568,True,0.95,0.86,3
4h_1,98.62064014991235,73.19473229210163,True,0.95,0.86,3
8h_1,99.26516892880139,75.52208053229975,True,0.95,0.86,3
16h_1,99.03715254572907,75.25231560966492,True,0.95,0.86,3
40h_1,98.77604714083256,75.25037364809998,True,0.95,0.86,3
40h_NoOx_1,98.76226436492146,75.12350520912929,True,0.95,0.86,3
0m_1,99.2193465966824,73.95688685212303,True,0.95,0.89,1
8m_1,98.72849354654622,73.42993267889777,True,0.95,0.89,1
32m_1,99.26692536024319,74.18323571965605,True,0.95,0.89,1
1h_1,99.06610117576184,73.76328001016087,True,0.95,0.89,1
4h_1,98.5643474581394,71.89573047949057,True,0.95,0.89,1
8h_1,99.23975961534691,74.15990940621718,True,0.95,0.89,1
16h_1,99.00293040529561,73.78032475395617,True,0.95,0.89,1
40h_1,98.7308088357094,73.78231550153109,True,0.95,0.89,1
40h_NoOx_1,98.7311604511652,74.08069324909839,True,0.95,0.89,1
0m_1,99.2199732679924,74.15212487593612,True,0.95,0.89,2
8m_1,98.73007200184558,73.73276876665629,True,0.95,0.89,2
32m_1,99.26826930055074,74.4314294636781,True,0.95,0.89,2
1h_1,99.06775341919068,74.2099159176573,True,0.95,0.89,2
4h_1,98.56623647464184,72.38983031357682,True,0.95,0.89,2
8h_1,99.24117124387216,74.46396411702742,True,0.95,0.89,2
16h_1,99.00411419002758,74.13760681066427,True,0.95,0.89,2
40h_1,98.7325524962923,74.03277189477907,True,0.95,0.89,2
40h_NoOx_1,98.73266144432232,73.96605428341701,True,0.95,0.89,2
0m_1,99.22024184141097,74.11249450736847,True,0.95,0.89,3
8m_1,98.73043626076081,73.57926245858616,True,0.95,0.89,3
32m_1,99.26853808861226,74.3457552955575,True,0.95,0.89,3
1h_1,99.06788051483906,73.9178293081882,True,0.95,0.89,3
4h_1,98.56623647464184,72.04792769449544,True,0.95,0.89,3
8h_1,99.24124966767913,74.32182120482233,True,0.95,0.89,3
16h_1,99.00432942361522,73.96178792592374,True,0.95,0.89,3
40h_1,98.73303684645421,73.93380506106558,True,0.95,0.89,3
40h_NoOx_1,98.73266144432232,74.23328220755266,True,0.95,0.89,3
0m_1,99.21531799540382,73.104124708549,True,0.95,0.95,1
8m_1,98.7233939217329,72.49617501930939,True,0.95,0.95,1
32m_1,99.26334151942308,73.27247339333279,True,0.95,0.95,1
1h_1,99.06012768028836,72.84844767992364,True,0.95,0.95,1
4h_1,98.55779886759758,70.99431135735205,True,0.95,0.95,1
8h_1,99.23497576312246,73.28777083030391,True,0.95,0.95,1
16h_1,98.99711909842955,73.03599071207431,True,0.95,0.95,1
40h_1,98.72470602366923,72.99101404509265,True,0.95,0.95,1
40h_NoOx_1,98.72799168783345,73.11461951160182,True,0.95,0.95,1
0m_1,99.21531799540382,71.82589095581494,True,0.95,0.95,2
8m_1,98.7233939217329,71.31891729678406,True,0.95,0.95,2
32m_1,99.26334151942308,72.00105785816216,True,0.95,0.95,2
1h_1,99.06012768028836,71.71220942913521,True,0.95,0.95,2
4h_1,98.55779886759758,69.97183789668443,True,0.95,0.95,2
8h_1,99.23497576312246,72.06820466457188,True,0.95,0.95,2
16h_1,98.99711909842955,71.80934097471041,True,0.95,0.95,2
40h_1,98.72470602366923,71.77901890406281,True,0.95,0.95,2
40h_NoOx_1,98.72799168783345,71.65983080395151,True,0.95,0.95,2
0m_1,99.21531799540382,73.1028614533931,True,0.95,0.95,3
8m_1,98.7233939217329,72.4940841938515,True,0.95,0.95,3
32m_1,99.26334151942308,73.27139026210872,True,0.95,0.95,3
1h_1,99.06012768028836,72.84703636321646,True,0.95,0.95,3
4h_1,98.55779886759758,70.99290580773103,True,0.95,0.95,3
8h_1,99.23497576312246,73.28603220565086,True,0.95,0.95,3
16h_1,98.99711909842955,73.03468622812815,True,0.95,0.95,3
40h_1,98.72470602366923,72.98983658867326,True,0.95,0.95,3
40h_NoOx_1,98.72799168783345,73.11301471681284,True,0.95,0.95,3
0m_1,99.26500407783973,73.32240262697701,True,1,0.4,1
8m_1,98.81227309705072,73.1527583901854,True,1,0.4,1
32m_1,99.31468003917138,73.49432371769427,True,1,0.4,1
1h_1,99.11719362640743,73.25850822516263,True,1,0.4,1
4h_1,98.67945153035524,71.97496611696602,True,1,0.4,1
8h_1,99.28697074713575,73.4639199198124,True,1,0.4,1
16h_1,99.06954520066765,73.10089215785317,True,1,0.4,1
40h_1,98.81896056517851,73.16244477359994,True,1,0.4,1
40h_NoOx_1,98.79386860973011,73.64514805755176,True,1,0.4,1
0m_1,99.26509360231259,73.17947987200623,True,1,0.4,2
8m_1,98.81239451668912,73.05719155231756,True,1,0.4,2
32m_1,99.31468003917138,73.37361701513434,True,1,0.4,2
1h_1,99.11744781770417,73.16227808659191,True,1,0.4,2
4h_1,98.67957746478874,71.81254219421399,True,1,0.4,2
8h_1,99.28697074713575,73.3548388625555,True,1,0.4,2
16h_1,99.06976043425529,72.99503899176497,True,1,0.4,2
40h_1,98.81896056517851,73.08980618927791,True,1,0.4,2
40h_NoOx_1,98.79386860973011,73.53845816219902,True,1,0.4,2
0m_1,99.26509360231259,73.18092286824361,True,1,0.4,3
8m_1,98.81239451668912,73.05903473665197,True,1,0.4,3
32m_1,99.31468003917138,73.3744289436269,True,1,0.4,3
1h_1,99.11744781770417,73.16445795105564,True,1,0.4,3
4h_1,98.67957746478874,71.81407362882365,True,1,0.4,3
8h_1,99.28697074713575,73.3598150440234,True,1,0.4,3
16h_1,99.06976043425529,72.99710291023366,True,1,0.4,3
40h_1,98.81896056517851,73.09431546711707,True,1,0.4,3
40h_NoOx_1,98.79386860973011,73.54250967721242,True,1,0.4,3
0m_1,99.26545170020403,74.65205878745464,True,1,0.6,1
8m_1,98.81300161488119,74.58178404401988,True,1,0.6,1
32m_1,99.31485923121238,74.84523768712663,True,1,0.6,1
1h_1,99.11782910464929,74.64314473731451,True,1,0.6,1
4h_1,98.67957746478874,73.46674681174457,True,1,0.6,1
8h_1,99.2872844423636,74.9246268863025,True,1,0.6,1
16h_1,99.0698680510491,74.51161224445458,True,1,0.6,1
40h_1,98.81915430524329,74.69525673915153,True,1,0.6,1
40h_NoOx_1,98.79428555227375,74.94832230003536,True,1,0.6,1
0m_1,99.26545170020403,75.102903297956,True,1,0.6,2
8m_1,98.81300161488119,75.063097956044,True,1,0.6,2
32m_1,99.31485923121238,75.31128380097323,True,1,0.6,2
1h_1,99.11782910464929,75.12425179645786,True,1,0.6,2
4h_1,98.67957746478874,73.93434484589301,True,1,0.6,2
8h_1,99.2872844423636,75.42263839467313,True,1,0.6,2
16h_1,99.0698680510491,74.96284950791892,True,1,0.6,2
40h_1,98.81915430524329,75.21343056362922,True,1,0.6,2
40h_NoOx_1,98.79428555227375,75.48041902617183,True,1,0.6,2
0m_1,99.26545170020403,75.01794720095815,True,1,0.6,3
8m_1,98.81300161488119,74.97708321557505,True,1,0.6,3
32m_1,99.31485923121238,75.21673940931407,True,1,0.6,3
1h_1,99.11782910464929,75.03231316068873,True,1,0.6,3
4h_1,98.67957746478874,73.85075404011593,True,1,0.6,3
8h_1,99.2872844423636,75.34870678930677,True,1,0.6,3
16h_1,99.0698680510491,74.87833756979296,True,1,0.6,3
40h_1,98.81915430524329,75.13226372165654,True,1,0.6,3
40h_NoOx_1,98.79428555227375,75.39061082239499,True,1,0.6,3
0m_1,99.26348216180116,76.12551024273395,True,1,0.7,1
8m_1,98.80802340970628,76.03557748905408,True,1,0.7,1
32m_1,99.31315690682283,76.35546774564597,True,1,0.7,1
1h_1,99.11554138297859,76.20452651150862,True,1,0.7,1
4h_1,98.67567349735033,74.96605185642743,True,1,0.7,1
8h_1,99.28626493287315,76.41360102747029,True,1,0.7,1
16h_1,99.06620908005937,76.0802827886928,True,1,0.7,1
40h_1,98.81586072414224,76.32809750540885,True,1,0.7,1
40h_NoOx_1,98.7913669544682,76.44127855546327,True,1,0.7,1
0m_1,99.26348216180116,76.93278955542368,True,1,0.7,2
8m_1,98.80802340970628,76.88999266380182,True,1,0.7,2
32m_1,99.31315690682283,77.1820236274815,True,1,0.7,2
1h_1,99.11554138297859,77.05392062576136,True,1,0.7,2
4h_1,98.67567349735033,75.7732774507752,True,1,0.7,2
8h_1,99.28626493287315,77.27835693218601,True,1,0.7,2
16h_1,99.06620908005937,76.91055091217603,True,1,0.7,2
40h_1,98.81586072414224,77.18900446726603,True,1,0.7,2
40h_NoOx_1,98.7913669544682,77.28992362700808,True,1,0.7,2
0m_1,99.26348216180116,76.84783177276769,True,1,0.7,3
8m_1,98.80802340970628,76.80397358968656,True,1,0.7,3
32m_1,99.31315690682283,77.08747761523924,True,1,0.7,3
1h_1,99.11554138297859,76.96197986792332,True,1,0.7,3
4h_1,98.67567349735033,75.68968333784274,True,1,0.7,3
8h_1,99.28626493287315,77.20442456766153,True,1,0.7,3
16h_1,99.06620908005937,76.82603585263529,True,1,0.7,3
40h_1,98.81586072414224,77.10783491996271,True,1,0.7,3
40h_NoOx_1,98.7913669544682,77.20011277002342,True,1,0.7,3
0m_1,99.26330311285545,76.00605708596083,True,1,0.75,1
8m_1,98.80802340970628,75.93972766361135,True,1,0.75,1
32m_1,99.31288811876132,76.20221714607399,True,1,0.75,1
1h_1,99.11566847862696,76.02580492940318,True,1,0.75,1
4h_1,98.67592536621733,74.94773785974093,True,1,0.75,1
8h_1,99.2859512376453,76.37727109725138,True,1,0.75,1
16h_1,99.06599384647173,76.06817273264505,True,1,0.75,1
40h_1,98.81527950394793,76.31001851813728,True,1,0.75,1
40h_NoOx_1,98.79086662341582,76.39127344674543,True,1,0.75,1
0m_1,99.26330311285545,76.83877112223841,True,1,0.75,2
8m_1,98.80802340970628,76.81712221958703,True,1,0.75,2
32m_1,99.31288811876132,77.0459162868577,True,1,0.75,2
1h_1,99.11566847862696,76.89674053120405,True,1,0.75,2
4h_1,98.67592536621733,75.77933763001724,True,1,0.75,2
8h_1,99.2859512376453,77.26959648283042,True,1,0.75,2
16h_1,99.06599384647173,76.91777905238641,True,1,0.75,2
40h_1,98.81527950394793,77.19337974141268,True,1,0.75,2
40h_NoOx_1,98.79086662341582,77.262291235125,True,1,0.75,2
0m_1,99.26330311285545,76.83877112223841,True,1,0.75,3
8m_1,98.80802340970628,76.81712221958703,True,1,0.75,3
32m_1,99.31288811876132,77.0459162868577,True,1,0.75,3
1h_1,99.11566847862696,76.89674053120405,True,1,0.75,3
4h_1,98.67592536621733,75.77933763001724,True,1,0.75,3
8h_1,99.2859512376453,77.26959648283042,True,1,0.75,3
16h_1,99.06599384647173,76.91777905238641,True,1,0.75,3
40h_1,98.81527950394793,77.19337974141268,True,1,0.75,3
40h_NoOx_1,98.79086662341582,77.262291235125,True,1,0.75,3
0m_1,99.26276596601829,76.47067311941615,True,1,0.8,1
8m_1,98.80765915079105,76.41139388279244,True,1,0.8,1
32m_1,99.3125297346793,76.66755680013857,True,1,0.8,1
1h_1,99.11528719168184,76.45066730952698,True,1,0.8,1
4h_1,98.67504382518287,75.3464710934818,True,1,0.8,1
8h_1,99.28563754241748,76.8020732788105,True,1,0.8,1
16h_1,99.06470244494594,76.51368990974784,True,1,0.8,1
40h_1,98.81508576388318,76.75621201887304,True,1,0.8,1
40h_NoOx_1,98.78994934981979,76.96470399554316,True,1,0.8,1
0m_1,99.26276596601829,77.45103167631393,True,1,0.8,2
8m_1,98.80765915079105,77.37800607051132,True,1,0.8,2
32m_1,99.3125297346793,77.6641754958284,True,1,0.8,2
1h_1,99.11528719168184,77.42560088632656,True,1,0.8,2
4h_1,98.67504382518287,76.27430785547187,True,1,0.8,2
8h_1,99.28563754241748,77.8000875187794,True,1,0.8,2
16h_1,99.06470244494594,77.51028752938518,True,1,0.8,2
40h_1,98.81508576388318,77.80152321535881,True,1,0.8,2
40h_NoOx_1,98.78994934981979,78.03088558658558,True,1,0.8,2
0m_1,99.26276596601829,77.45103167631393,True,1,0.8,3
8m_1,98.80765915079105,77.37800607051132,True,1,0.8,3
32m_1,99.3125297346793,77.6641754958284,True,1,0.8,3
1h_1,99.11528719168184,77.42560088632656,True,1,0.8,3
4h_1,98.67504382518287,76.27430785547187,True,1,0.8,3
8h_1,99.28563754241748,77.8000875187794,True,1,0.8,3
16h_1,99.06470244494594,77.51028752938518,True,1,0.8,3
40h_1,98.81508576388318,77.80152321535881,True,1,0.8,3
40h_NoOx_1,98.78994934981979,78.03088558658558,True,1,0.8,3
0m_1,99.25775259553828,76.79806119117326,True,1,0.83,1
8m_1,98.8012239099552,76.55659154226838,True,1,0.83,1
32m_1,99.30867710579767,76.95336993247054,True,1,0.83,1
1h_1,99.10931369620836,76.7240616516265,True,1,0.83,1
4h_1,98.66484313606963,75.74815370751868,True,1,0.83,1
8h_1,99.28124580922781,77.0558738915509,True,1,0.83,1
16h_1,99.06082824036856,76.86844918391824,True,1,0.83,1
40h_1,98.80966104206969,77.0882617352746,True,1,0.83,1
40h_NoOx_1,98.78536298183965,76.98186790923825,True,1,0.83,1
0m_1,99.25784212001115,77.51755848845924,True,1,0.83,2
8m_1,98.8012239099552,77.29898724003554,True,1,0.83,2
32m_1,99.30867710579767,77.66042195767793,True,1,0.83,2
1h_1,99.10931369620836,77.48220379301898,True,1,0.83,2
4h_1,98.66484313606963,76.48271390316314,True,1,0.83,2
8h_1,99.28124580922781,77.83228195564149,True,1,0.83,2
16h_1,99.06082824036856,77.62608419808451,True,1,0.83,2
40h_1,98.80966104206969,77.86196977911283,True,1,0.83,2
40h_NoOx_1,98.78536298183965,77.69381415451107,True,1,0.83,2
0m_1,99.25784212001115,77.51755848845924,True,1,0.83,3
8m_1,98.8012239099552,77.29898724003554,True,1,0.83,3
32m_1,99.30867710579767,77.66042195767793,True,1,0.83,3
1h_1,99.10931369620836,77.48220379301898,True,1,0.83,3
4h_1,98.66484313606963,76.48271390316314,True,1,0.83,3
8h_1,99.28124580922781,77.83228195564149,True,1,0.83,3
16h_1,99.06082824036856,77.62608419808451,True,1,0.83,3
40h_1,98.80966104206969,77.86196977911283,True,1,0.83,3
40h_NoOx_1,98.78536298183965,77.69381415451107,True,1,0.83,3
0m_1,99.24110104358678,74.92106706502992,True,1,0.86,1
8m_1,98.76807634866863,74.6973362640821,True,1,0.86,1
32m_1,99.29183305394308,75.17769534306007,True,1,0.86,1
1h_1,99.08847000987532,74.9246123516457,True,1,0.86,1
4h_1,98.6183733301094,73.51285224104927,True,1,0.86,1
8h_1,99.26422784311788,75.1148141681434,True,1,0.86,1
16h_1,99.03586114420328,74.74985438960994,True,1,0.86,1
40h_1,98.77314103986104,74.9234538261318,True,1,0.86,1
40h_NoOx_1,98.76093014878178,75.13743860540872,True,1,0.86,1
0m_1,99.24101151911393,76.11126396550402,True,1,0.86,2
8m_1,98.7677120897534,75.92290037015592,True,1,0.86,2
32m_1,99.29183305394308,76.37132438863507,True,1,0.86,2
1h_1,99.0885971055237,76.14008039628648,True,1,0.86,2
4h_1,98.61761772350843,74.69387181756306,True,1,0.86,2
8h_1,99.26414941931093,76.38045728190623,True,1,0.86,2
16h_1,99.03575352740947,75.97295555727004,True,1,0.86,2
40h_1,98.7728504297639,76.18597881807652,True,1,0.86,2
40h_NoOx_1,98.76059659474686,76.3745806746863,True,1,0.86,2
0m_1,99.24101151911393,75.9073010775483,True,1,0.86,3
8m_1,98.7677120897534,75.76197904949467,True,1,0.86,3
32m_1,99.29183305394308,76.1750631870834,True,1,0.86,3
1h_1,99.0885971055237,75.9555075560709,True,1,0.86,3
4h_1,98.61761772350843,74.53399175315131,True,1,0.86,3
8h_1,99.26414941931093,76.17583389953703,True,1,0.86,3
16h_1,99.03575352740947,75.79322432826268,True,1,0.86,3
40h_1,98.7728504297639,76.03288601991089,True,1,0.86,3
40h_NoOx_1,98.76059659474686,76.17886034704473,True,1,0.86,3
0m_1,99.21907802326383,73.65590233603118,True,1,0.89,1
8m_1,98.72800786799257,73.40631203004745,True,1,0.89,1
32m_1,99.26656697616119,73.98123536128021,True,1,0.89,1
1h_1,99.06470312362976,73.75431393931618,True,1,0.89,1
4h_1,98.56308811380443,72.06594484919262,True,1,0.89,1
8h_1,99.23905380108428,73.91198179260641,True,1,0.89,1
16h_1,99.00228470453271,73.63308085639251,True,1,0.89,1
40h_1,98.73032448554747,73.68976181412161,True,1,0.89,1
40h_NoOx_1,98.73107706265645,73.69046502965821,True,1,0.89,1
0m_1,99.21907802326383,74.41093937507331,True,1,0.89,2
8m_1,98.72800786799257,74.22427851445184,True,1,0.89,2
32m_1,99.26656697616119,74.7767693953165,True,1,0.89,2
1h_1,99.06470312362976,74.57912630701136,True,1,0.89,2
4h_1,98.56308811380443,72.86949277714035,True,1,0.89,2
8h_1,99.23905380108428,74.74158777322944,True,1,0.89,2
16h_1,99.00228470453271,74.47062455432457,True,1,0.89,2
40h_1,98.73032448554747,74.58045690558514,True,1,0.89,2
40h_NoOx_1,98.73107706265645,74.52020246809725,True,1,0.89,2
0m_1,99.21907802326383,74.41093937507331,True,1,0.89,3
8m_1,98.72800786799257,74.22427851445184,True,1,0.89,3
32m_1,99.26656697616119,74.7767693953165,True,1,0.89,3
1h_1,99.06470312362976,74.57912630701136,True,1,0.89,3
4h_1,98.56308811380443,72.86949277714035,True,1,0.89,3
8h_1,99.23905380108428,74.74158777322944,True,1,0.89,3
16h_1,99.00228470453271,74.47062455432457,True,1,0.89,3
40h_1,98.73032448554747,74.58045690558514,True,1,0.89,3
40h_NoOx_1,98.73107706265645,74.52020246809725,True,1,0.89,3
0m_1,99.21531799540382,71.3230251712613,True,1,0.95,1
8m_1,98.7233939217329,70.97011841451476,True,1,0.95,1
32m_1,99.26334151942308,71.57872694171581,True,1,0.95,1
1h_1,99.06012768028836,71.30395399620741,True,1,0.95,1
4h_1,98.55779886759758,69.68638354638058,True,1,0.95,1
8h_1,99.23497576312246,71.59577292929804,True,1,0.95,1
16h_1,98.99711909842955,71.38331825929663,True,1,0.95,1
40h_1,98.72470602366923,71.52017473453265,True,1,0.95,1
40h_NoOx_1,98.72799168783345,71.29402205494817,True,1,0.95,1
0m_1,99.21531799540382,71.3230251712613,True,1,0.95,2
8m_1,98.7233939217329,70.97011841451476,True,1,0.95,2
32m_1,99.26334151942308,71.57872694171581,True,1,0.95,2
1h_1,99.06012768028836,71.30395399620741,True,1,0.95,2
4h_1,98.55779886759758,69.68638354638058,True,1,0.95,2
8h_1,99.23497576312246,71.59577292929804,True,1,0.95,2
16h_1,98.99711909842955,71.38331825929663,True,1,0.95,2
40h_1,98.72470602366923,71.52017473453265,True,1,0.95,2
40h_NoOx_1,98.72799168783345,71.29402205494817,True,1,0.95,2
0m_1,99.21531799540382,71.3230251712613,True,1,0.95,3
8m_1,98.7233939217329,70.97011841451476,True,1,0.95,3
32m_1,99.26334151942308,71.57872694171581,True,1,0.95,3
1h_1,99.06012768028836,71.30395399620741,True,1,0.95,3
4h_1,98.55779886759758,69.68638354638058,True,1,0.95,3
8h_1,99.23497576312246,71.59577292929804,True,1,0.95,3
16h_1,98.99711909842955,71.38331825929663,True,1,0.95,3
40h_1,98.72470602366923,71.52017473453265,True,1,0.95,3
40h_NoOx_1,98.72799168783345,71.29402205494817,True,1,0.95,3
0m_1,99.26213929470829,68.53146411657592,False,0.9,0.4,1
8m_1,98.809116186452,68.35516145601648,False,0.9,0.4,1
32m_1,99.31181296651528,68.73741474504709,False,0.9,0.4,1
1h_1,99.11350785260463,68.63011871757323,False,0.9,0.4,1
4h_1,98.67479195631587,66.67742977074587,False,0.9,0.4,1
8h_1,99.2840690662783,68.22947028184967,False,0.9,0.4,1
16h_1,99.06631669685318,68.16523219346757,False,0.9,0.4,1
40h_1,98.81595759417462,68.07598952247257,False,0.9,0.4,1
40h_NoOx_1,98.79178389701185,68.45060887958897,False,0.9,0.4,1
0m_1,99.25909546263114,64.41103706289229,False,0.9,0.4,2
8m_1,98.8041379812771,64.32230894105126,False,0.9,0.4,2
32m_1,99.3096626620232,64.51440614354178,False,0.9,0.4,2
1h_1,99.10842402666975,64.43932628360824,False,0.9,0.4,2
4h_1,98.67051018557697,63.1057540009215,False,0.9,0.4,2
8h_1,99.2795989092817,64.18139291291746,False,0.9,0.4,2
16h_1,99.06201202510054,64.04394534750958,False,0.9,0.4,2
40h_1,98.81111409255544,64.28015426876254,False,0.9,0.4,2
40h_NoOx_1,98.7876978600841,64.33920727157314,False,0.9,0.4,2
0m_1,99.26142309892543,64.33394693004726,False,0.9,0.4,3
8m_1,98.80850908825994,64.13857850492211,False,0.9,0.4,3
32m_1,99.31181296651528,64.47683230486089,False,0.9,0.4,3
1h_1,99.11350785260463,64.2576497049372,False,0.9,0.4,3
4h_1,98.67466602188236,62.8686474206805,False,0.9,0.4,3
8h_1,99.2839122186644,64.145192070724,False,0.9,0.4,3
16h_1,99.0665319304408,64.07719741154463,False,0.9,0.4,3
40h_1,98.81576385410986,64.2906578464953,False,0.9,0.4,3
40h_NoOx_1,98.7913669544682,64.39117692738826,False,0.9,0.4,3
0m_1,99.26204977023544,72.26025235170505,False,0.9,0.6,1
8m_1,98.8092376060904,71.90098588935871,False,0.9,0.6,1
32m_1,99.31217135059728,72.58147457156159,False,0.9,0.6,1
1h_1,99.11414333084649,72.24132160612639,False,0.9,0.6,1
4h_1,98.67479195631587,70.28183592179606,False,0.9,0.6,1
8h_1,99.28485330434789,72.31809694124189,False,0.9,0.6,1
16h_1,99.06696239761608,72.14000714787741,False,0.9,0.6,1
40h_1,98.8161513342394,72.26470213412541,False,0.9,0.6,1
40h_NoOx_1,98.79195067402932,71.98947598544464,False,0.9,0.6,1
0m_1,99.25954308499543,69.89317623035836,False,0.9,0.6,2
8m_1,98.80474507946916,69.68636404971576,False,0.9,0.6,2
32m_1,99.3099314500847,70.2543893599803,False,0.9,0.6,2
1h_1,99.10905950491161,70.06100289946512,False,0.9,0.6,2
4h_1,98.67051018557697,68.28349970070465,False,0.9,0.6,2
8h_1,99.28046157115823,69.97277929267237,False,0.9,0.6,2
16h_1,99.06233487548198,69.8005453498604,False,0.9,0.6,2
40h_1,98.81159844271737,70.02871447576229,False,0.9,0.6,2
40h_NoOx_1,98.78811480262773,69.63634690754327,False,0.9,0.6,2
0m_1,99.26187072128972,70.45053609050767,False,0.9,0.6,3
8m_1,98.809116186452,70.31256528161104,False,0.9,0.6,3
32m_1,99.31208175457678,70.77206495958745,False,0.9,0.6,3
1h_1,99.11414333084649,70.55187032195107,False,0.9,0.6,3
4h_1,98.67466602188236,68.80912269954311,False,0.9,0.6,3
8h_1,99.28477488054094,70.46507788686125,False,0.9,0.6,3
16h_1,99.06685478082225,70.39156940618237,False,0.9,0.6,3
40h_1,98.81624820427177,70.60223058531052,False,0.9,0.6,3
40h_NoOx_1,98.79170050850313,70.40759135522775,False,0.9,0.6,3
0m_1,99.25820021790257,72.06949952513108,False,0.9,0.7,1
8m_1,98.80316662416979,71.71750439026069,False,0.9,0.7,1
32m_1,99.3092146819207,72.35718519574418,False,0.9,0.7,1
1h_1,99.10918660055998,72.08656065657861,False,0.9,0.7,1
4h_1,98.6667321525721,70.24379783963026,False,0.9,0.7,1
8h_1,99.28250059013915,72.17391510410167,False,0.9,0.7,1
16h_1,99.06276534265726,71.91340924744219,False,0.9,0.7,1
40h_1,98.8114047026526,71.9808321430217,False,0.9,0.7,1
40h_NoOx_1,98.788031414119,72.05344601712542,False,0.9,0.7,1
0m_1,99.25578305713542,69.64462884459277,False,0.9,0.7,2
8m_1,98.79879551718696,69.3481725998744,False,0.9,0.7,2
32m_1,99.30697478140812,69.86338694281595,False,0.9,0.7,2
1h_1,99.1041027746251,69.74928183030676,False,0.9,0.7,2
4h_1,98.6624503818332,68.04668622988527,False,0.9,0.7,2
8h_1,99.27826570456341,69.63496903437816,False,0.9,0.7,2
16h_1,99.05824543731698,69.34333689672255,False,0.9,0.7,2
40h_1,98.80675494109818,69.3996919586703,False,0.9,0.7,2
40h_NoOx_1,98.78436231973488,69.44846821111776,False,0.9,0.7,2
0m_1,99.25811069342971,71.33205138149552,False,0.9,0.7,3
8m_1,98.80316662416979,70.8979480984549,False,0.9,0.7,3
32m_1,99.30912508590019,71.54428415478027,False,0.9,0.7,3
1h_1,99.10918660055998,71.26147730187228,False,0.9,0.7,3
4h_1,98.66660621813858,69.40697609116297,False,0.9,0.7,3
8h_1,99.2825790139461,71.34493177195442,False,0.9,0.7,3
16h_1,99.06276534265726,71.07485600436277,False,0.9,0.7,3
40h_1,98.8114047026526,71.06018287500208,False,0.9,0.7,3
40h_NoOx_1,98.78794802561029,71.1219401842368,False,0.9,0.7,3
0m_1,99.25757354659255,70.81571541958294,False,0.9,0.75,1
8m_1,98.8013453295936,70.1081947308527,False,0.9,0.75,1
32m_1,99.30876670181817,70.96731703004134,False,0.9,0.75,1
1h_1,99.10842402666975,70.5163158475187,False,0.9,0.75,1
4h_1,98.66496907050313,68.48913094811114,False,0.9,0.75,1
8h_1,99.28148108064869,70.88583297589736,False,0.9,0.75,1
16h_1,99.0603977731933,70.67785488629994,False,0.9,0.75,1
40h_1,98.80975791210207,70.66363144396603,False,0.9,0.75,1
40h_NoOx_1,98.78653042096187,70.49113074366018,False,0.9,0.75,1
0m_1,99.25515638582542,67.84204464175386,False,0.9,0.75,2
8m_1,98.79697422261077,67.14576456158548,False,0.9,0.75,2
32m_1,99.3065268013056,67.87873483937383,False,0.9,0.75,2
1h_1,99.10346729638324,67.5849465537252,False,0.9,0.75,2
4h_1,98.66068729976425,65.6854673493067,False,0.9,0.75,2
8h_1,99.2773246188799,67.74086268512403,False,0.9,0.75,2
16h_1,99.05577025105922,67.48119667683923,False,0.9,0.75,2
40h_1,98.80510815054765,67.41335090237418,False,0.9,0.75,2
40h_NoOx_1,98.78294471508649,67.3211712536858,False,0.9,0.75,2
0m_1,99.2574840221197,69.7022419567086,False,0.9,0.75,3
8m_1,98.8013453295936,68.85063375764085,False,0.9,0.75,3
32m_1,99.30867710579767,69.72334119748648,False,0.9,0.75,3
1h_1,99.10855112231812,69.25397059483582,False,0.9,0.75,3
4h_1,98.66484313606963,67.20581215170614,False,0.9,0.75,3
8h_1,99.28163792826261,69.58094351888641,False,0.9,0.75,3
16h_1,99.06029015639949,69.34744609127085,False,0.9,0.75,3
40h_1,98.80975791210207,69.2102342689976,False,0.9,0.75,3
40h_NoOx_1,98.78653042096187,69.15529766497222,False,0.9,0.75,3
0m_1,99.25766307106542,71.43636676855584,False,0.9,0.8,1
8m_1,98.8021952670625,71.06110786813727,False,0.9,0.8,1
32m_1,99.30903548987968,71.61886992978224,False,0.9,0.8,1
1h_1,99.10931369620836,71.3565383988992,False,0.9,0.8,1
4h_1,98.66471720163614,69.8375541347942,False,0.9,0.8,1
8h_1,99.28210847110435,71.63958991096938,False,0.9,0.8,1
16h_1,99.06029015639949,71.40536952561187,False,0.9,0.8,1
40h_1,98.80927356194015,71.47866853460573,False,0.9,0.8,1
40h_NoOx_1,98.78452909675235,71.38743742772004,False,0.9,0.8,1
0m_1,99.25703639975542,67.77807441774885,False,0.9,0.8,2
8m_1,98.80061681176313,67.10924749788623,False,0.9,0.8,2
32m_1,99.30822912569516,67.81189101407435,False,0.9,0.8,2
1h_1,99.10829693102137,67.51804645591844,False,0.9,0.8,2
4h_1,98.66333192286768,65.65103069755568,False,0.9,0.8,2
8h_1,99.28093211399998,67.65782958938476,False,0.9,0.8,2
16h_1,99.05824543731698,67.42540783424155,False,0.9,0.8,2
40h_1,98.80801425151915,67.35940768975868,False,0.9,0.8,2
40h_NoOx_1,98.78452909675235,67.28733866270481,False,0.9,0.8,2
0m_1,99.25703639975542,67.77419605055948,False,0.9,0.8,3
8m_1,98.80061681176313,67.10654383860629,False,0.9,0.8,3
32m_1,99.30822912569516,67.8089137495489,False,0.9,0.8,3
1h_1,99.10842402666975,67.51603628650643,False,0.9,0.8,3
4h_1,98.66333192286768,65.6478396834514,False,0.9,0.8,3
8h_1,99.28101053780695,67.65698622778851,False,0.9,0.8,3
16h_1,99.05824543731698,67.42345231576843,False,0.9,0.8,3
40h_1,98.80801425151915,67.35617241467207,False,0.9,0.8,3
40h_NoOx_1,98.78461248526108,67.2843273559446,False,0.9,0.8,3
0m_1,99.25640972844542,72.06764275863686,False,0.9,0.83,1
8m_1,98.80000971357107,71.73909036053519,False,0.9,0.83,1
32m_1,99.30831872171566,72.20789227003584,False,0.9,0.83,1
1h_1,99.10791564407626,71.98835583939265,False,0.9,0.83,1
4h_1,98.66257631626671,70.57313605056648,False,0.9,0.83,1
8h_1,99.27999102831649,72.2318242067962,False,0.9,0.83,1
16h_1,99.05878352128606,72.00473232899898,False,0.9,0.83,1
40h_1,98.80704555119533,72.06587084655234,False,0.9,0.83,1
40h_NoOx_1,98.7835284346476,72.1031589930256,False,0.9,0.83,1
0m_1,99.25578305713542,68.24118336790836,False,0.9,0.83,2
8m_1,98.7983098386333,67.56651464372928,False,0.9,0.83,2
32m_1,99.30733316549012,68.22778985736068,False,0.9,0.83,2
1h_1,99.10677178324092,67.975623925179,False,0.9,0.83,2
4h_1,98.66081323419775,66.14707121248867,False,0.9,0.83,2
8h_1,99.27873624740515,68.10469174343524,False,0.9,0.83,2
16h_1,99.05652356861593,67.85386808277636,False,0.9,0.83,2
40h_1,98.80559250070957,67.7407716418247,False,0.9,0.83,2
40h_NoOx_1,98.7835284346476,67.74310368405679,False,0.9,0.83,2
0m_1,99.25605163055398,68.42310339198144,False,0.9,0.83,3
8m_1,98.79843125827172,67.80374440514493,False,0.9,0.83,3
32m_1,99.30751235753112,68.41568686890558,False,0.9,0.83,3
1h_1,99.10702597453765,68.16357884180599,False,0.9,0.83,3
4h_1,98.66156884079874,66.4036373105142,False,0.9,0.83,3
8h_1,99.27889309501907,68.26652068680052,False,0.9,0.83,3
16h_1,99.05673880220355,68.04253969219671,False,0.9,0.83,3
40h_1,98.80578624077434,67.96201505319206,False,0.9,0.83,3
40h_NoOx_1,98.78361182315632,68.01587683466161,False,0.9,0.83,3
0m_1,99.24539821828394,72.72024492505756,False,0.9,0.86,1
8m_1,98.77341881275878,72.47900399268336,False,0.9,0.86,1
32m_1,99.29478972261968,72.95357545680126,False,0.9,0.86,1
1h_1,99.09202868802976,72.7168719898931,False,0.9,0.86,1
4h_1,98.62341070744928,71.2168941929404,False,0.9,0.86,1
8h_1,99.26744321920317,72.83134062579497,False,0.9,0.86,1
16h_1,99.04102675030644,72.56593416145829,False,0.9,0.86,1
40h_1,98.77943759196599,72.7039327809546,False,0.9,0.86,1
40h_NoOx_1,98.76359858106115,72.776619646245,False,0.9,0.86,1
0m_1,99.24763633010538,71.10396902785382,False,0.9,0.86,2
8m_1,98.77888269648733,70.71010026636904,False,0.9,0.86,2
32m_1,99.2981943713988,71.19349844083848,False,0.9,0.86,2
1h_1,99.09533317488743,70.96644696424609,False,0.9,0.86,2
4h_1,98.63461887203047,69.44097586635718,False,0.9,0.86,2
8h_1,99.26987435721887,71.06871236114655,False,0.9,0.86,2
16h_1,99.04447048770855,70.78863989986354,False,0.9,0.86,2
40h_1,98.78573414407093,70.81162922053471,False,0.9,0.86,2
40h_NoOx_1,98.7676846179889,70.9268946698322,False,0.9,0.86,2
0m_1,99.24629346301252,71.47792609377282,False,0.9,0.86,3
8m_1,98.77511868769655,71.10000958817557,False,0.9,0.86,3
32m_1,99.29640245098874,71.58322716166126,False,0.9,0.86,3
1h_1,99.09380802710696,71.3333307681751,False,0.9,0.86,3
4h_1,98.62756654375467,69.81112561066236,False,0.9,0.86,3
8h_1,99.26830588107971,71.42960973871715,False,0.9,0.86,3
16h_1,99.04264100221368,71.13721535932336,False,0.9,0.86,3
40h_1,98.78302178316419,71.14375316254603,False,0.9,0.86,3
40h_NoOx_1,98.7662670133405,71.3128297525099,False,0.9,0.86,3
0m_1,99.21683991144239,71.87847671811345,False,0.9,0.89,1
8m_1,98.72642941269321,71.37969329763462,False,0.9,0.89,1
32m_1,99.26468545973061,72.06497977279825,False,0.9,0.89,1
1h_1,99.06152573242045,71.73993649164447,False,0.9,0.89,1
4h_1,98.5605694251345,70.07068438120501,False,0.9,0.89,1
8h_1,99.23662266306859,72.10075320711655,False,0.9,0.89,1
16h_1,98.99927143430587,71.81560650662446,False,0.9,0.89,1
40h_1,98.72664342431689,71.86287611635396,False,0.9,0.89,1
40h_NoOx_1,98.72982623502551,71.6040217099362,False,0.9,0.89,1
0m_1,99.21683991144239,71.87847671811345,False,0.9,0.89,2
8m_1,98.72642941269321,71.37969329763462,False,0.9,0.89,2
32m_1,99.26468545973061,72.06497977279825,False,0.9,0.89,2
1h_1,99.06152573242045,71.73993649164447,False,0.9,0.89,2
4h_1,98.5605694251345,70.07068438120501,False,0.9,0.89,2
8h_1,99.23662266306859,72.10075320711655,False,0.9,0.89,2
16h_1,98.99927143430587,71.81560650662446,False,0.9,0.89,2
40h_1,98.72664342431689,71.86287611635396,False,0.9,0.89,2
40h_NoOx_1,98.72982623502551,71.6040217099362,False,0.9,0.89,2
0m_1,99.21683991144239,71.87847671811345,False,0.9,0.89,3
8m_1,98.72642941269321,71.37969329763462,False,0.9,0.89,3
32m_1,99.26468545973061,72.06497977279825,False,0.9,0.89,3
1h_1,99.06152573242045,71.73993649164447,False,0.9,0.89,3
4h_1,98.5605694251345,70.07068438120501,False,0.9,0.89,3
8h_1,99.23662266306859,72.10075320711655,False,0.9,0.89,3
16h_1,98.99927143430587,71.81560650662446,False,0.9,0.89,3
40h_1,98.72664342431689,71.86287611635396,False,0.9,0.89,3
40h_NoOx_1,98.72982623502551,71.6040217099362,False,0.9,0.89,3
0m_1,99.21522847093097,71.85122089209355,False,0.9,0.95,1
8m_1,98.7233939217329,71.33490596205029,False,0.9,0.95,1
32m_1,99.26325192340258,72.038851952075,False,0.9,0.95,1
1h_1,99.06012768028836,71.70951509723972,False,0.9,0.95,1
4h_1,98.55779886759758,69.99675445814785,False,0.9,0.95,1
8h_1,99.23497576312246,72.0731044249578,False,0.9,0.95,1
16h_1,98.99711909842955,71.79075207847775,False,0.9,0.95,1
40h_1,98.72470602366923,71.82621528220687,False,0.9,0.95,1
40h_NoOx_1,98.72807507634218,71.541184489587,False,0.9,0.95,1
0m_1,99.21522847093097,71.85663484764677,False,0.9,0.95,2
8m_1,98.7233939217329,71.33847266430197,False,0.9,0.95,2
32m_1,99.26325192340258,72.04390656901629,False,0.9,0.95,2
1h_1,99.06012768028836,71.71490376103073,False,0.9,0.95,2
4h_1,98.55779886759758,70.00033222081952,False,0.9,0.95,2
8h_1,99.23497576312246,72.07753001498378,False,0.9,0.95,2
16h_1,98.99711909842955,71.792926218388,False,0.9,0.95,2
40h_1,98.72470602366923,71.83023825830647,False,0.9,0.95,2
40h_NoOx_1,98.72807507634218,71.54346498551885,False,0.9,0.95,2
0m_1,99.21522847093097,71.85663484764677,False,0.9,0.95,3
8m_1,98.7233939217329,71.33847266430197,False,0.9,0.95,3
32m_1,99.26325192340258,72.04390656901629,False,0.9,0.95,3
1h_1,99.06012768028836,71.71490376103073,False,0.9,0.95,3
4h_1,98.55779886759758,70.00033222081952,False,0.9,0.95,3
8h_1,99.23497576312246,72.07753001498378,False,0.9,0.95,3
16h_1,98.99711909842955,71.792926218388,False,0.9,0.95,3
40h_1,98.72470602366923,71.83023825830647,False,0.9,0.95,3
40h_NoOx_1,98.72807507634218,71.54346498551885,False,0.9,0.95,3
0m_1,99.26312406390974,68.58715238883748,False,0.95,0.4,1
8m_1,98.80935902572882,67.97712906618955,False,0.95,0.4,1
32m_1,99.31333609886383,68.71921959985818,False,0.95,0.4,1
1h_1,99.1150330003851,68.32849049684168,False,0.95,0.4,1
4h_1,98.67592536621733,66.32824963308022,False,0.95,0.4,1
8h_1,99.28469645673398,68.33433122538511,False,0.95,0.4,1
16h_1,99.06685478082225,68.09034144730553,False,0.95,0.4,1
40h_1,98.81682942446608,67.94030371621523,False,0.95,0.4,1
40h_NoOx_1,98.7922008395555,67.90994005344714,False,0.95,0.4,1
0m_1,99.26303453943687,67.22815416209332,False,0.95,0.4,2
8m_1,98.80948044536724,66.78705063376691,False,0.95,0.4,2
32m_1,99.31333609886383,67.41289919230064,False,0.95,0.4,2
1h_1,99.1150330003851,67.07272974407768,False,0.95,0.4,2
4h_1,98.67605130065083,65.2097948952908,False,0.95,0.4,2
8h_1,99.28469645673398,66.99254819502654,False,0.95,0.4,2
16h_1,99.06685478082225,66.75864046789317,False,0.95,0.4,2
40h_1,98.81682942446608,66.72924241518209,False,0.95,0.4,2
40h_NoOx_1,98.79203406253805,66.55994665406172,False,0.95,0.4,2
0m_1,99.26303453943687,67.23338513196023,False,0.95,0.4,3
8m_1,98.80948044536724,66.79036846341478,False,0.95,0.4,3
32m_1,99.31324650284333,67.41539582987507,False,0.95,0.4,3
1h_1,99.11490590473673,67.078457898685,False,0.95,0.4,3
4h_1,98.67605130065083,65.21489985974111,False,0.95,0.4,3
8h_1,99.28469645673398,66.99720853521558,False,0.95,0.4,3
16h_1,99.06685478082225,66.7616821211621,False,0.95,0.4,3
40h_1,98.81682942446608,66.73169316251298,False,0.95,0.4,3
40h_NoOx_1,98.79203406253805,66.56146600040516,False,0.95,0.4,3
0m_1,99.26339263732831,70.43331213896292,False,0.95,0.6,1
8m_1,98.80972328464406,70.22267497514706,False,0.95,0.6,1
32m_1,99.31351529090485,70.78223010503771,False,0.95,0.6,1
1h_1,99.11566847862696,70.54745073097297,False,0.95,0.6,1
4h_1,98.67605130065083,68.74651426646128,False,0.95,0.6,1
8h_1,99.28508857576877,70.49826738714715,False,0.95,0.6,1
16h_1,99.0671776312037,70.32301166144336,False,0.95,0.6,1
40h_1,98.81702316453085,70.4479663248371,False,0.95,0.6,1
40h_NoOx_1,98.79236761657296,70.42053676636921,False,0.95,0.6,1
0m_1,99.26339263732831,70.5400956903277,False,0.95,0.6,2
8m_1,98.80984470428247,70.30737735134949,False,0.95,0.6,2
32m_1,99.31360488692535,70.87617054291539,False,0.95,0.6,2
1h_1,99.11566847862696,70.6370832376954,False,0.95,0.6,2
4h_1,98.67617723508432,68.82172465898881,False,0.95,0.6,2
8h_1,99.28524542338269,70.5809358385288,False,0.95,0.6,2
16h_1,99.0670700144099,70.40781963904345,False,0.95,0.6,2
40h_1,98.81712003456323,70.52994804430938,False,0.95,0.6,2
40h_NoOx_1,98.79228422806423,70.51825616620931,False,0.95,0.6,2
0m_1,99.26339263732831,70.55687080903873,False,0.95,0.6,3
8m_1,98.80984470428247,70.32482661331944,False,0.95,0.6,3
32m_1,99.31360488692535,70.88970283095466,False,0.95,0.6,3
1h_1,99.11566847862696,70.6546506960945,False,0.95,0.6,3
4h_1,98.67617723508432,68.83869864412318,False,0.95,0.6,3
8h_1,99.28524542338269,70.59649654939261,False,0.95,0.6,3
16h_1,99.0670700144099,70.41998622568585,False,0.95,0.6,3
40h_1,98.81712003456323,70.54857366924811,False,0.95,0.6,3
40h_NoOx_1,98.79228422806423,70.54045544823558,False,0.95,0.6,3
0m_1,99.25945356052257,72.22823003749298,False,0.95,0.7,1
8m_1,98.80450224019232,71.86953144969425,False,0.95,0.7,1
32m_1,99.31028983416672,72.50084128532157,False,0.95,0.7,1
1h_1,99.11083884398883,72.23141958392588,False,0.95,0.7,1
4h_1,98.66799149690705,70.42031329173298,False,0.95,0.7,1
8h_1,99.28242216633218,72.38306030223393,False,0.95,0.7,1
16h_1,99.06222725868817,71.9989701350014,False,0.95,0.7,1
40h_1,98.81150157268497,72.03419074900837,False,0.95,0.7,1
40h_NoOx_1,98.7885317451714,72.2443566943929,False,0.95,0.7,1
0m_1,99.25945356052257,71.06601090786756,False,0.95,0.7,2
8m_1,98.80462365983074,70.56854419996436,False,0.95,0.7,2
32m_1,99.31037943018723,71.21363305016853,False,0.95,0.7,2
1h_1,99.11083884398883,70.92174662387008,False,0.95,0.7,2
4h_1,98.66811743134055,69.10444065512172,False,0.95,0.7,2
8h_1,99.28265743775306,71.07670287588391,False,0.95,0.7,2
16h_1,99.06222725868817,70.66546877868657,False,0.95,0.7,2
40h_1,98.81159844271737,70.55006504627747,False,0.95,0.7,2
40h_NoOx_1,98.7885317451714,70.90230425482704,False,0.95,0.7,2
0m_1,99.25945356052257,71.152144639731,False,0.95,0.7,3
8m_1,98.80462365983074,70.65235423873573,False,0.95,0.7,3
32m_1,99.31037943018723,71.29970119737573,False,0.95,0.7,3
1h_1,99.11083884398883,70.99945756226172,False,0.95,0.7,3
4h_1,98.66811743134055,69.18497794478026,False,0.95,0.7,3
8h_1,99.28265743775306,71.14558253868952,False,0.95,0.7,3
16h_1,99.06222725868817,70.73434371635693,False,0.95,0.7,3
40h_1,98.81159844271737,70.62359135840352,False,0.95,0.7,3
40h_NoOx_1,98.7885317451714,70.9814818879054,False,0.95,0.7,3
0m_1,99.25802116895686,70.86852014701572,False,0.95,0.75,1
8m_1,98.80243810633932,70.18987940672977,False,0.95,0.75,1
32m_1,99.3093042779412,70.9635045452413,False,0.95,0.75,1
1h_1,99.10931369620836,70.62276144811304,False,0.95,0.75,1
4h_1,98.66559874267061,68.76158311507298,False,0.95,0.75,1
8h_1,99.28124580922781,71.00796392929307,False,0.95,0.75,1
16h_1,99.05985968922423,70.75732737127194,False,0.95,0.75,1
40h_1,98.80975791210207,70.74725692728799,False,0.95,0.75,1
40h_NoOx_1,98.78669719797934,70.55263300063478,False,0.95,0.75,1
0m_1,99.25802116895686,69.80134839567972,False,0.95,0.75,2
8m_1,98.80255952597773,68.9602668213457,False,0.95,0.75,2
32m_1,99.3093938739617,69.7444905463938,False,0.95,0.75,2
1h_1,99.10931369620836,69.39334522525618,False,0.95,0.75,2
4h_1,98.66572467710412,67.49328946008075,False,0.95,0.75,2
8h_1,99.28148108064869,69.730821091645,False,0.95,0.75,2
16h_1,99.05985968922423,69.45605967276018,False,0.95,0.75,2
40h_1,98.80985478213445,69.32761451925198,False,0.95,0.75,2
40h_NoOx_1,98.78669719797934,69.26736537864156,False,0.95,0.75,2
0m_1,99.25802116895686,69.80134839567972,False,0.95,0.75,3
8m_1,98.80255952597773,68.9602668213457,False,0.95,0.75,3
32m_1,99.3093938739617,69.7444905463938,False,0.95,0.75,3
1h_1,99.10931369620836,69.39334522525618,False,0.95,0.75,3
4h_1,98.66572467710412,67.49328946008075,False,0.95,0.75,3
8h_1,99.28148108064869,69.730821091645,False,0.95,0.75,3
16h_1,99.05985968922423,69.45605967276018,False,0.95,0.75,3
40h_1,98.80985478213445,69.32761451925198,False,0.95,0.75,3
40h_NoOx_1,98.78669719797934,69.26736537864156,False,0.95,0.75,3
0m_1,99.257931644484,71.659583449082,False,0.95,0.8,1
8m_1,98.80255952597773,71.37311239136419,False,0.95,0.8,1
32m_1,99.3094834699822,71.84734223854986,False,0.95,0.8,1
1h_1,99.10982207880184,71.63790947736935,False,0.95,0.8,1
4h_1,98.66496907050313,70.1790639762184,False,0.95,0.8,1
8h_1,99.28163792826261,71.88551324169822,False,0.95,0.8,1
16h_1,99.05964445563659,71.6892725030826,False,0.95,0.8,1
40h_1,98.80917669190777,71.72647933663916,False,0.95,0.8,1
40h_NoOx_1,98.7846958737698,71.88713457006057,False,0.95,0.8,1
0m_1,99.25730497317399,68.16771096682021,False,0.95,0.8,2
8m_1,98.8012239099552,67.55800849681154,False,0.95,0.8,2
32m_1,99.30876670181817,68.18548438027221,False,0.95,0.8,2
1h_1,99.10880531361487,67.95127449836303,False,0.95,0.8,2
4h_1,98.66383566060166,66.12692002338363,False,0.95,0.8,2
8h_1,99.28061841877215,68.03554642758402,False,0.95,0.8,2
16h_1,99.0575997365541,67.8396594768302,False,0.95,0.8,2
40h_1,98.80801425151915,67.74146426589647,False,0.95,0.8,2
40h_NoOx_1,98.7846958737698,67.9514819792138,False,0.95,0.8,2
0m_1,99.25730497317399,68.16771096682021,False,0.95,0.8,3
8m_1,98.8012239099552,67.55800849681154,False,0.95,0.8,3
32m_1,99.30876670181817,68.18548438027221,False,0.95,0.8,3
1h_1,99.10880531361487,67.95127449836303,False,0.95,0.8,3
4h_1,98.66383566060166,66.12692002338363,False,0.95,0.8,3
8h_1,99.28061841877215,68.03554642758402,False,0.95,0.8,3
16h_1,99.0575997365541,67.8396594768302,False,0.95,0.8,3
40h_1,98.80801425151915,67.74146426589647,False,0.95,0.8,3
40h_NoOx_1,98.7846958737698,67.9514819792138,False,0.95,0.8,3
0m_1,99.25408209215112,72.38899196432519,False,0.95,0.83,1
8m_1,98.79503150839616,72.00669562203656,False,0.95,0.83,1
32m_1,99.30607882120309,72.50039697719907,False,0.95,0.83,1
1h_1,99.10511953981208,72.25392680899961,False,0.95,0.83,1
4h_1,98.65753893892683,70.73553364547539,False,0.95,0.83,1
8h_1,99.27740304268686,72.5107412934105,False,0.95,0.83,1
16h_1,99.05555501747159,72.30541247893686,False,0.95,0.83,1
40h_1,98.80258952970567,72.30521103975686,False,0.95,0.83,1
40h_NoOx_1,98.78052644833332,72.24312035806724,False,0.95,0.83,1
0m_1,99.25354494531398,68.63418044061605,False,0.95,0.83,2
8m_1,98.79369589237363,67.99761569707061,False,0.95,0.83,2
32m_1,99.30536205303905,68.62350771584889,False,0.95,0.83,2
1h_1,99.10435696592185,68.39740844001118,False,0.95,0.83,2
4h_1,98.65653146345886,66.60756501182033,False,0.95,0.83,2
8h_1,99.27638353319641,68.62807055239925,False,0.95,0.83,2
16h_1,99.05351029838909,68.48042432433607,False,0.95,0.83,2
40h_1,98.80142708931707,68.35395877004288,False,0.95,0.83,2
40h_NoOx_1,98.78052644833332,68.29168432409068,False,0.95,0.83,2
0m_1,99.25372399425969,69.27878904315685,False,0.95,0.83,3
8m_1,98.7941815709273,68.54775772160082,False,0.95,0.83,3
32m_1,99.30572043712107,69.23605071221576,False,0.95,0.83,3
1h_1,99.10461115721859,68.93855063839828,False,0.95,0.83,3
4h_1,98.65728707005984,67.05650483404433,False,0.95,0.83,3
8h_1,99.27661880461727,69.05629912022997,False,0.95,0.83,3
16h_1,99.05383314877054,68.83514353601737,False,0.95,0.83,3
40h_1,98.80210517954376,68.7225291559839,False,0.95,0.83,3
40h_NoOx_1,98.7810267793857,68.59836500116496,False,0.95,0.83,3
0m_1,99.24199628831536,74.87645979508292,False,0.95,0.86,1
8m_1,98.76856202722229,74.60931737492747,False,0.95,0.86,1
32m_1,99.29201224598408,75.12441133025152,False,0.95,0.86,1
1h_1,99.08897839246882,74.9114015296784,False,0.95,0.86,1
4h_1,98.6186251989764,73.25381977920941,False,0.95,0.86,1
8h_1,99.26461996215266,75.01410235544888,False,0.95,0.86,1
16h_1,99.03629161137853,74.78430196421043,False,0.95,0.86,1
40h_1,98.7745940903468,74.75180476648612,False,0.95,0.86,1
40h_NoOx_1,98.76076337176431,74.86416542477065,False,0.95,0.86,1
0m_1,99.24199628831536,70.8355810223482,False,0.95,0.86,2
8m_1,98.76868344686069,70.50792366823242,False,0.95,0.86,2
32m_1,99.29210184200458,70.94349497392214,False,0.95,0.86,2
1h_1,99.08897839246882,70.72434620549714,False,0.95,0.86,2
4h_1,98.61849926454292,69.1733048650609,False,0.95,0.86,2
8h_1,99.26461996215266,70.85797624483901,False,0.95,0.86,2
16h_1,99.03639922817236,70.59446748722385,False,0.95,0.86,2
40h_1,98.7745940903468,70.57012085389164,False,0.95,0.86,2
40h_NoOx_1,98.76084676027304,70.80414000638328,False,0.95,0.86,2
0m_1,99.24199628831536,71.30664852879357,False,0.95,0.86,3
8m_1,98.76868344686069,71.01686768316145,False,0.95,0.86,3
32m_1,99.29210184200458,71.46992474418437,False,0.95,0.86,3
1h_1,99.08897839246882,71.26677534916712,False,0.95,0.86,3
4h_1,98.61849926454292,69.66864769746672,False,0.95,0.86,3
8h_1,99.26461996215266,71.32323546746346,False,0.95,0.86,3
16h_1,99.03639922817236,71.04509659675594,False,0.95,0.86,3
40h_1,98.7745940903468,71.01683794908308,False,0.95,0.86,3
40h_NoOx_1,98.76084676027304,71.32645358704298,False,0.95,0.86,3
0m_1,99.21675038696954,71.96245659878873,False,0.95,0.89,1
8m_1,98.7263079930548,71.4841962858197,False,0.95,0.89,1
32m_1,99.26477505575112,72.15445228198914,False,0.95,0.89,1
1h_1,99.06139863677208,71.85203432278195,False,0.95,0.89,1
4h_1,98.560443490701,70.14628823471537,False,0.95,0.89,1
8h_1,99.23654423926163,72.20212298520296,False,0.95,0.89,1
16h_1,98.99905620071824,71.93522929117904,False,0.95,0.89,1
40h_1,98.72644968425213,71.920220886923,False,0.95,0.89,1
40h_NoOx_1,98.72974284651677,71.83972945328989,False,0.95,0.89,1
0m_1,99.21675038696954,71.96245659878873,False,0.95,0.89,2
8m_1,98.7263079930548,71.4841962858197,False,0.95,0.89,2
32m_1,99.26477505575112,72.15445228198914,False,0.95,0.89,2
1h_1,99.06139863677208,71.85203432278195,False,0.95,0.89,2
4h_1,98.560443490701,70.14628823471537,False,0.95,0.89,2
8h_1,99.23654423926163,72.20212298520296,False,0.95,0.89,2
16h_1,98.99905620071824,71.93522929117904,False,0.95,0.89,2
40h_1,98.72644968425213,71.920220886923,False,0.95,0.89,2
40h_NoOx_1,98.72974284651677,71.83972945328989,False,0.95,0.89,2
0m_1,99.21675038696954,71.96245659878873,False,0.95,0.89,3
8m_1,98.7263079930548,71.4841962858197,False,0.95,0.89,3
32m_1,99.26477505575112,72.15445228198914,False,0.95,0.89,3
1h_1,99.06139863677208,71.85203432278195,False,0.95,0.89,3
4h_1,98.560443490701,70.14628823471537,False,0.95,0.89,3
8h_1,99.23654423926163,72.20212298520296,False,0.95,0.89,3
16h_1,98.99905620071824,71.93522929117904,False,0.95,0.89,3
40h_1,98.72644968425213,71.920220886923,False,0.95,0.89,3
40h_NoOx_1,98.72974284651677,71.83972945328989,False,0.95,0.89,3
0m_1,99.21531799540382,71.94319322029004,False,0.95,0.95,1
8m_1,98.7233939217329,71.45297610555471,False,0.95,0.95,1
32m_1,99.26334151942308,72.13708108771648,False,0.95,0.95,1
1h_1,99.06012768028836,71.8324279522821,False,0.95,0.95,1
4h_1,98.55779886759758,70.09028739656432,False,0.95,0.95,1
8h_1,99.23497576312246,72.18564085704712,False,0.95,0.95,1
16h_1,98.99711909842955,71.9217440080704,False,0.95,0.95,1
40h_1,98.72470602366923,71.89656830326567,False,0.95,0.95,1
40h_NoOx_1,98.72807507634218,71.79398168677304,False,0.95,0.95,1
0m_1,99.21531799540382,71.99886667966015,False,0.95,0.95,2
8m_1,98.7233939217329,71.50770653665832,False,0.95,0.95,2
32m_1,99.26334151942308,72.19854878468163,False,0.95,0.95,2
1h_1,99.06012768028836,71.88528817804145,False,0.95,0.95,2
4h_1,98.55779886759758,70.13794830644048,False,0.95,0.95,2
8h_1,99.23497576312246,72.23242566589325,False,0.95,0.95,2
16h_1,98.99711909842955,71.96696611820364,False,0.95,0.95,2
40h_1,98.72470602366923,71.94837638571903,False,0.95,0.95,2
40h_NoOx_1,98.72807507634218,71.83756449791504,False,0.95,0.95,2
0m_1,99.21531799540382,71.99886667966015,False,0.95,0.95,3
8m_1,98.7233939217329,71.50770653665832,False,0.95,0.95,3
32m_1,99.26334151942308,72.19854878468163,False,0.95,0.95,3
1h_1,99.06012768028836,71.88528817804145,False,0.95,0.95,3
4h_1,98.55779886759758,70.13794830644048,False,0.95,0.95,3
8h_1,99.23497576312246,72.23242566589325,False,0.95,0.95,3
16h_1,98.99711909842955,71.96696611820364,False,0.95,0.95,3
40h_1,98.72470602366923,71.94837638571903,False,0.95,0.95,3
40h_NoOx_1,98.72807507634218,71.83756449791504,False,0.95,0.95,3
0m_1,99.26384025969259,70.57278655110525,False,1,0.4,1
8m_1,98.81045180247453,70.00072500009216,False,1,0.4,1
32m_1,99.31369448294585,70.60248398455155,False,1,0.4,1
1h_1,99.11554138297859,70.1813169199205,False,1,0.4,1
4h_1,98.6774365794193,68.64855620869822,False,1,0.4,1
8h_1,99.28618650906618,70.47695101424068,False,1,0.4,1
16h_1,99.06879188311095,70.24441378711016,False,1,0.4,1
40h_1,98.81760438472514,70.18983339950299,False,1,0.4,1
40h_NoOx_1,98.79236761657296,69.96777308470158,False,1,0.4,1
0m_1,99.26375073521973,70.75448980825027,False,1,0.4,2
8m_1,98.81057322211294,70.15743541977454,False,1,0.4,2
32m_1,99.31378407896635,70.76164992575298,False,1,0.4,2
1h_1,99.11554138297859,70.34121946528178,False,1,0.4,2
4h_1,98.67756251385279,68.78732150446103,False,1,0.4,2
8h_1,99.28634335668009,70.61538376474994,False,1,0.4,2
16h_1,99.06879188311095,70.38497887178596,False,1,0.4,2
40h_1,98.81770125475752,70.34141549995785,False,1,0.4,2
40h_NoOx_1,98.79236761657296,70.09607300940979,False,1,0.4,2
0m_1,99.26375073521973,70.75467018522009,False,1,0.4,3
8m_1,98.81057322211294,70.15743541977454,False,1,0.4,3
32m_1,99.31369448294585,70.760270320742,False,1,0.4,3
1h_1,99.11541428733021,70.34195081355493,False,1,0.4,3
4h_1,98.67756251385279,68.78655577152061,False,1,0.4,3
8h_1,99.28634335668009,70.61664756485467,False,1,0.4,3
16h_1,99.06879188311095,70.38400121663753,False,1,0.4,3
40h_1,98.81770125475752,70.33994506453251,False,1,0.4,3
40h_NoOx_1,98.79236761657296,70.09556656233858,False,1,0.4,3
0m_1,99.26473550442117,73.55573593073593,False,1,0.6,1
8m_1,98.81154457922024,73.25639406145476,False,1,0.6,1
32m_1,99.31432165508937,73.74718981513223,False,1,0.6,1
1h_1,99.1164310525172,73.35088355942179,False,1,0.6,1
4h_1,98.67856998932076,71.97420527303844,False,1,0.6,1
8h_1,99.28681389952186,73.70463077859986,False,1,0.6,1
16h_1,99.06965281746147,73.49360944971528,False,1,0.6,1
40h_1,98.81818560491945,73.6155183112426,False,1,0.6,1
40h_NoOx_1,98.79320150166026,73.9096708628266,False,1,0.6,1
0m_1,99.26473550442117,73.77426046176046,False,1,0.6,2
8m_1,98.81178741849706,73.47506279153211,False,1,0.6,2
32m_1,99.31450084713038,73.97006684889983,False,1,0.6,2
1h_1,99.1164310525172,73.58156687700438,False,1,0.6,2
4h_1,98.67869592375426,72.16541683470058,False,1,0.6,2
8h_1,99.28697074713575,73.92322936800126,False,1,0.6,2
16h_1,99.06954520066765,73.69475883060298,False,1,0.6,2
40h_1,98.81828247495183,73.84522483805699,False,1,0.6,2
40h_NoOx_1,98.79311811315154,74.12108888669431,False,1,0.6,2
0m_1,99.26473550442117,73.70337301587301,False,1,0.6,3
8m_1,98.81178741849706,73.40207224343945,False,1,0.6,3
32m_1,99.31450084713038,73.90177451802936,False,1,0.6,3
1h_1,99.1164310525172,73.51360569950644,False,1,0.6,3
4h_1,98.67869592375426,72.0943321098763,False,1,0.6,3
8h_1,99.28704917094272,73.84268328130726,False,1,0.6,3
16h_1,99.06954520066765,73.59036778020742,False,1,0.6,3
40h_1,98.81828247495183,73.79483821384318,False,1,0.6,3
40h_NoOx_1,98.79311811315154,74.0303511424093,False,1,0.6,3
0m_1,99.25936403604972,75.34444504572758,False,1,0.7,1
8m_1,98.80389514200026,74.78491260711358,False,1,0.7,1
32m_1,99.31055862222824,75.46692336700872,False,1,0.7,1
1h_1,99.11020336574697,75.00371886413066,False,1,0.7,1
4h_1,98.66698402143908,73.46195622345972,False,1,0.7,1
8h_1,99.2829711329809,75.55214142403514,False,1,0.7,1
16h_1,99.06276534265726,75.26479771084416,False,1,0.7,1
40h_1,98.81121096258782,75.25457359963687,False,1,0.7,1
40h_NoOx_1,98.78728091754044,75.53278864959908,False,1,0.7,1
0m_1,99.25936403604972,76.41421794108628,False,1,0.7,2
8m_1,98.80401656163868,75.89315997738835,False,1,0.7,2
32m_1,99.31064821824874,76.59863933303681,False,1,0.7,2
1h_1,99.11020336574697,76.17054454429808,False,1,0.7,2
4h_1,98.66710995587258,74.5828866084648,False,1,0.7,2
8h_1,99.28320640440177,76.70197783066598,False,1,0.7,2
16h_1,99.06276534265726,76.43631710109787,False,1,0.7,2
40h_1,98.81130783262022,76.57376181326222,False,1,0.7,2
40h_NoOx_1,98.78728091754044,76.65960699371888,False,1,0.7,2
0m_1,99.25936403604972,76.41421794108628,False,1,0.7,3
8m_1,98.80401656163868,75.89315997738835,False,1,0.7,3
32m_1,99.31064821824874,76.59863933303681,False,1,0.7,3
1h_1,99.11020336574697,76.17054454429808,False,1,0.7,3
4h_1,98.66710995587258,74.5828866084648,False,1,0.7,3
8h_1,99.28320640440177,76.70197783066598,False,1,0.7,3
16h_1,99.06276534265726,76.43631710109787,False,1,0.7,3
40h_1,98.81130783262022,76.57376181326222,False,1,0.7,3
40h_NoOx_1,98.78728091754044,76.65960699371888,False,1,0.7,3
0m_1,99.25882688921257,75.13939321785027,False,1,0.75,1
8m_1,98.80401656163868,74.57799788630275,False,1,0.75,1
32m_1,99.31028983416672,75.27433118944663,False,1,0.75,1
1h_1,99.11020336574697,74.79764249661456,False,1,0.75,1
4h_1,98.66698402143908,73.27407626751962,False,1,0.75,1
8h_1,99.28250059013915,75.36845148478562,False,1,0.75,1
16h_1,99.06190440830672,75.10999385120792,False,1,0.75,1
40h_1,98.81072661242591,75.14367168153218,False,1,0.75,1
40h_NoOx_1,98.78694736350552,75.29592903949575,False,1,0.75,1
0m_1,99.25882688921257,76.21079537562662,False,1,0.75,2
8m_1,98.80401656163868,75.68854916803893,False,1,0.75,2
32m_1,99.31028983416672,76.4073823801924,False,1,0.75,2
1h_1,99.11020336574697,75.96664820058271,False,1,0.75,2
4h_1,98.66723589030607,74.39606065750158,False,1,0.75,2
8h_1,99.28281428536698,76.52186688868211,False,1,0.75,2
16h_1,99.06190440830672,76.28402204874276,False,1,0.75,2
40h_1,98.81082348245829,76.46678790433661,False,1,0.75,2
40h_NoOx_1,98.78694736350552,76.42342648812865,False,1,0.75,2
0m_1,99.25882688921257,76.21079537562662,False,1,0.75,3
8m_1,98.80401656163868,75.68854916803893,False,1,0.75,3
32m_1,99.31028983416672,76.4073823801924,False,1,0.75,3
1h_1,99.11020336574697,75.96664820058271,False,1,0.75,3
4h_1,98.66723589030607,74.39606065750158,False,1,0.75,3
8h_1,99.28281428536698,76.52186688868211,False,1,0.75,3
16h_1,99.06190440830672,76.28402204874276,False,1,0.75,3
40h_1,98.81082348245829,76.46678790433661,False,1,0.75,3
40h_NoOx_1,98.78694736350552,76.42342648812865,False,1,0.75,3
0m_1,99.257931644484,74.08002352253581,False,1,0.8,1
8m_1,98.80255952597773,73.62718254748515,False,1,0.8,1
32m_1,99.3093042779412,74.24991790056404,False,1,0.8,1
1h_1,99.10969498315347,73.84509440833851,False,1,0.8,1
4h_1,98.66496907050313,72.2867576388419,False,1,0.8,1
8h_1,99.28163792826261,74.28273970092333,False,1,0.8,1
16h_1,99.06007492281186,74.04053714927609,False,1,0.8,1
40h_1,98.80878921177823,74.04908167927107,False,1,0.8,1
40h_NoOx_1,98.78452909675235,74.34135552873049,False,1,0.8,1
0m_1,99.257931644484,75.15964297697172,False,1,0.8,2
8m_1,98.80255952597773,74.7436489834441,False,1,0.8,2
32m_1,99.3093042779412,75.39155115606832,False,1,0.8,2
1h_1,99.10969498315347,75.0215438751276,False,1,0.8,2
4h_1,98.66522093937013,73.41757449279802,False,1,0.8,2
8h_1,99.28195162349044,75.44414664837235,False,1,0.8,2
16h_1,99.06007492281186,75.2239298894392,False,1,0.8,2
40h_1,98.80888608181063,75.38006794017736,False,1,0.8,2
40h_NoOx_1,98.78461248526108,75.47101164835294,False,1,0.8,2
0m_1,99.257931644484,75.15964297697172,False,1,0.8,3
8m_1,98.80255952597773,74.7436489834441,False,1,0.8,3
32m_1,99.3093042779412,75.39155115606832,False,1,0.8,3
1h_1,99.10969498315347,75.0215438751276,False,1,0.8,3
4h_1,98.66522093937013,73.41757449279802,False,1,0.8,3
8h_1,99.28195162349044,75.44414664837235,False,1,0.8,3
16h_1,99.06007492281186,75.2239298894392,False,1,0.8,3
40h_1,98.80888608181063,75.38006794017736,False,1,0.8,3
40h_NoOx_1,98.78461248526108,75.47101164835294,False,1,0.8,3
0m_1,99.25282874953112,74.12424109313257,False,1,0.83,1
8m_1,98.79199601743586,73.59425102717292,False,1,0.83,1
32m_1,99.30509326497754,74.23709698519892,False,1,0.83,1
1h_1,99.10397567897672,73.85769192789054,False,1,0.83,1
4h_1,98.65577585685789,72.17554474782675,False,1,0.83,1
8h_1,99.27630510938945,74.33626011636036,False,1,0.83,1
16h_1,99.05404838235816,74.02124869490773,False,1,0.83,1
40h_1,98.79910220853986,73.9443717803658,False,1,0.83,1
40h_NoOx_1,98.77860851263253,74.28063946160555,False,1,0.83,1
0m_1,99.25327637189541,75.5540863303123,False,1,0.83,2
8m_1,98.79199601743586,74.98577382408212,False,1,0.83,2
32m_1,99.30545164905955,75.68905301393309,False,1,0.83,2
1h_1,99.10448406157022,75.30403468746273,False,1,0.83,2
4h_1,98.65615366015838,73.54393005809345,False,1,0.83,2
8h_1,99.27685407603816,75.78517136397605,False,1,0.83,2
16h_1,99.05426361594579,75.48778566655983,False,1,0.83,2
40h_1,98.79948968866941,75.539994391706,False,1,0.83,2
40h_NoOx_1,98.77869190114126,75.4860876612413,False,1,0.83,2
0m_1,99.25363446978683,75.67666297457508,False,1,0.83,3
8m_1,98.79223885671269,75.09939863060335,False,1,0.83,3
32m_1,99.30545164905955,75.79118506562345,False,1,0.83,3
1h_1,99.10461115721859,75.39614550043346,False,1,0.83,3
4h_1,98.65640552902536,73.65377619208701,False,1,0.83,3
8h_1,99.27724619507295,75.88053466802853,False,1,0.83,3
16h_1,99.05458646632724,75.60237625999795,False,1,0.83,3
40h_1,98.79987716879893,75.64617686450532,False,1,0.83,3
40h_NoOx_1,98.77894206666744,75.57124441671739,False,1,0.83,3
0m_1,99.24029532333107,75.93572371263849,False,1,0.86,1
8m_1,98.76504085770833,75.52515984996663,False,1,0.86,1
32m_1,99.29075790169703,76.07527488145244,False,1,0.86,1
1h_1,99.0877074359851,75.77405208361392,False,1,0.86,1
4h_1,98.61509903483851,74.06492675594808,False,1,0.86,1
8h_1,99.26312990982046,75.94552379778578,False,1,0.86,1
16h_1,99.03446212588366,75.56644871888213,False,1,0.86,1
40h_1,98.77110676918099,75.5177638837808,False,1,0.86,1
40h_NoOx_1,98.75826171650242,76.18454549676395,False,1,0.86,1
0m_1,99.2402057988582,76.85710574221986,False,1,0.86,2
8m_1,98.76455517915468,76.51371071347344,False,1,0.86,2
32m_1,99.29066830567653,77.0809345571754,False,1,0.86,2
1h_1,99.0877074359851,76.81056807643617,False,1,0.86,2
4h_1,98.61446936267102,75.07617532200516,False,1,0.86,2
8h_1,99.26297306220656,76.98773430247486,False,1,0.86,2
16h_1,99.03435450908985,76.62776419451237,False,1,0.86,2
40h_1,98.77081615908384,76.72372702825164,False,1,0.86,2
40h_NoOx_1,98.75792816246751,77.16427526215665,False,1,0.86,2
0m_1,99.2402057988582,76.85710574221986,False,1,0.86,3
8m_1,98.76455517915468,76.51371071347344,False,1,0.86,3
32m_1,99.29066830567653,77.0809345571754,False,1,0.86,3
1h_1,99.0877074359851,76.81056807643617,False,1,0.86,3
4h_1,98.61446936267102,75.07617532200516,False,1,0.86,3
8h_1,99.26297306220656,76.98773430247486,False,1,0.86,3
16h_1,99.03435450908985,76.62776419451237,False,1,0.86,3
40h_1,98.77081615908384,76.72372702825164,False,1,0.86,3
40h_NoOx_1,98.75792816246751,77.16427526215665,False,1,0.86,3
0m_1,99.21675038696954,73.24157420975507,False,1,0.89,1
8m_1,98.7263079930548,72.66117328741852,False,1,0.89,1
32m_1,99.26477505575112,73.42612023485556,False,1,0.89,1
1h_1,99.06139863677208,72.98825799564807,False,1,0.89,1
4h_1,98.560443490701,71.16924535510259,False,1,0.89,1
8h_1,99.23654423926163,73.42103765801477,False,1,0.89,1
16h_1,98.99905620071824,73.16239855118151,False,1,0.89,1
40h_1,98.72644968425213,73.13258710080027,False,1,0.89,1
40h_NoOx_1,98.72974284651677,73.29432343474049,False,1,0.89,1
0m_1,99.21675038696954,73.24157420975507,False,1,0.89,2
8m_1,98.7263079930548,72.66117328741852,False,1,0.89,2
32m_1,99.26477505575112,73.42612023485556,False,1,0.89,2
1h_1,99.06139863677208,72.98825799564807,False,1,0.89,2
4h_1,98.560443490701,71.16924535510259,False,1,0.89,2
8h_1,99.23654423926163,73.42103765801477,False,1,0.89,2
16h_1,98.99905620071824,73.16239855118151,False,1,0.89,2
40h_1,98.72644968425213,73.13258710080027,False,1,0.89,2
40h_NoOx_1,98.72974284651677,73.29432343474049,False,1,0.89,2
0m_1,99.21675038696954,73.24157420975507,False,1,0.89,3
8m_1,98.7263079930548,72.66117328741852,False,1,0.89,3
32m_1,99.26477505575112,73.42612023485556,False,1,0.89,3
1h_1,99.06139863677208,72.98825799564807,False,1,0.89,3
4h_1,98.560443490701,71.16924535510259,False,1,0.89,3
8h_1,99.23654423926163,73.42103765801477,False,1,0.89,3
16h_1,98.99905620071824,73.16239855118151,False,1,0.89,3
40h_1,98.72644968425213,73.13258710080027,False,1,0.89,3
40h_NoOx_1,98.72974284651677,73.29432343474049,False,1,0.89,3
0m_1,99.21531799540382,73.36688178097322,False,1,0.95,1
8m_1,98.7233939217329,72.78077326104817,False,1,0.95,1
32m_1,99.26334151942308,73.5601349942549,False,1,0.95,1
1h_1,99.06012768028836,73.10338279784557,False,1,0.95,1
4h_1,98.55779886759758,71.25318804209493,False,1,0.95,1
8h_1,99.23497576312246,73.54042460375163,False,1,0.95,1
16h_1,98.99711909842955,73.275363516193,False,1,0.95,1
40h_1,98.72470602366923,73.24554087441838,False,1,0.95,1
40h_NoOx_1,98.72807507634218,73.38542999595424,False,1,0.95,1
0m_1,99.21531799540382,73.42066035760949,False,1,0.95,2
8m_1,98.7233939217329,72.83107606177036,False,1,0.95,2
32m_1,99.26334151942308,73.61781173193586,False,1,0.95,2
1h_1,99.06012768028836,73.15393359626592,False,1,0.95,2
4h_1,98.55779886759758,71.29969895682663,False,1,0.95,2
8h_1,99.23497576312246,73.58523370276473,False,1,0.95,2
16h_1,98.99711909842955,73.31830277942046,False,1,0.95,2
40h_1,98.72470602366923,73.29519028676951,False,1,0.95,2
40h_NoOx_1,98.72807507634218,73.4265633855398,False,1,0.95,2
0m_1,99.21531799540382,73.42066035760949,False,1,0.95,3
8m_1,98.7233939217329,72.83107606177036,False,1,0.95,3
32m_1,99.26334151942308,73.61781173193586,False,1,0.95,3
1h_1,99.06012768028836,73.15393359626592,False,1,0.95,3
4h_1,98.55779886759758,71.29969895682663,False,1,0.95,3
8h_1,99.23497576312246,73.58523370276473,False,1,0.95,3
16h_1,98.99711909842955,73.31830277942046,False,1,0.95,3
40h_1,98.72470602366923,73.29519028676951,False,1,0.95,3
40h_NoOx_1,98.72807507634218,73.4265633855398,False,1,0.95,3
